code,name,name_low_tag,name_no_news,code_year,name_precision,code_precision,ptt_name,ptt_code,news_title,exclude
1101,台泥,False,False,False,,,True,True,True,
1102,亞泥,False,False,False,,,True,True,True,
1103,嘉泥,False,False,False,,,True,True,True,
1104,環泥,False,False,False,,,True,True,True,
1108,幸福,True,False,False,0.0,,False,True,False,
1109,信大,True,False,False,0.06666666666666667,,False,True,False,
1110,東泥,False,False,False,,,True,True,True,
1201,味全,False,False,False,,,True,True,True,
1203,味王,False,False,False,,,True,True,True,
1210,大成,True,False,False,0.7894736842105263,,False,True,False,大成交/大成功/大成立/大成鋼/大成長
1213,大飲,False,False,False,,,True,True,True,
1215,卜蜂,False,False,False,,,True,True,True,
1216,統一,True,False,False,0.5333333333333333,,False,True,False,主動統一全球創新/主動統一前沿科技/主動統一升級50/主動統一台股增長/主動統一美債量化/兩德統一/國家統一/統一ESG投等債15+/統一FANG/統一FANG+/統一台灣高息動能/統一實/統一投信/統一投顧/統一期貨/統一用/統一美債10年Aa-A/統一美債20年/統一美國50/統一證/統一超/規格統一
1217,愛之味,False,False,False,,,True,True,True,
1218,泰山,False,False,False,,,True,True,True,
1219,福壽,False,False,False,,,True,True,True,
1220,台榮,False,False,False,,,True,True,True,
1301,台塑,True,False,False,0.8666666666666667,,True,True,False,台塑化
1303,南亞,True,False,False,1.0,,True,True,False,南亞科/東南亞
1304,台聚,False,False,False,,,True,True,True,
1305,華夏,False,False,False,,,True,True,True,
1307,三芳,False,False,False,,,True,True,True,
1308,亞聚,True,False,False,1.0,,True,True,False,
1309,台達化,False,False,False,,,True,True,True,
1310,台苯,False,False,False,,,True,True,True,
1312,國喬,False,False,False,,,True,True,True,
1313,聯成,False,False,False,,,True,True,True,
1319,東陽,False,False,False,,,True,True,True,
1338,廣華,False,False,False,,,True,True,True,
1339,昭輝,False,False,False,,,True,True,True,
1512,瑞利,False,False,False,,,True,True,True,
1521,大億,True,False,False,1.0,,True,True,False,大億科/大億金茂
1522,堤維西,False,False,False,,,True,True,True,
1524,耿鼎,False,False,False,,,True,True,True,
1525,江申,False,False,False,,,True,True,True,
1533,車王電,True,False,False,1.0,,True,True,False,
1536,和大,False,False,False,,,True,True,True,
1402,遠東新,False,False,False,,,True,True,True,
1409,新纖,False,False,False,,,True,True,True,
1410,南染,False,False,False,,,True,True,True,
1413,宏洲,False,False,False,,,True,True,True,
1414,東和,True,False,False,,,True,True,False,東和鋼/東和鋼鐵/美東和
1417,嘉裕,False,False,False,,,True,True,True,
1418,東華,True,False,False,1.0,,True,True,False,
1419,新紡,False,False,False,,,True,True,True,
1423,利華,True,False,False,1.0,,True,True,False,華爾街
1434,福懋,False,False,False,,,True,True,True,福懋油/福懋科
1432,大魯閣,False,False,False,,,True,True,True,
1598,岱宇,False,False,False,,,True,True,True,
1736,喬山,False,False,False,,,True,True,True,
2762,世界健身,False,False,False,,,True,True,True,
4536,拓凱,True,False,False,1.0,,True,True,False,
5306,桂盟,False,False,False,,,True,True,True,
6670,復盛應用,False,False,False,,,True,True,True,
6768,志強,True,False,False,1.0,,True,True,False,
6890,來億,False,False,False,,,True,True,True,
6965,中傑,False,False,False,,,True,True,True,
1471,首利,False,False,False,,,True,True,True,
1582,信錦,False,False,False,,,True,True,True,
2059,川湖,False,True,False,1.0,,True,True,True,
2308,台達電,False,False,False,,,True,True,True,
2313,華通,False,False,False,,,True,True,True,
2316,楠梓電,False,False,False,,,True,True,True,
2327,國巨,False,False,False,,,True,True,True,
2328,廣宇,False,False,False,,,True,True,True,
2355,敬鵬,False,False,False,,,True,True,True,
2367,燿華,False,False,False,,,True,True,True,
1503,士電,True,False,False,1.0,,True,True,False,滬士電
1504,東元,False,False,False,,,True,True,True,
1506,正道,True,False,False,1.0,,True,True,False,
1513,中興電,False,False,False,,,True,True,True,
1514,亞力,True,False,False,1.0,,True,True,False,
1515,力山,True,False,False,1.0,,True,True,False,壓力山大
1517,利奇,False,False,False,,,True,True,True,
1519,華城,True,False,False,1.0,,True,True,False,三星華城/京華城
1526,日馳,False,False,False,,,True,True,True,
1527,鑽全,False,False,False,,,True,True,True,
1603,華電,True,False,False,1.0,,True,True,False,中華電/易華電/華電動/華電子/華電網
1604,聲寶,False,False,False,,,True,True,True,
1605,華新,False,False,False,,,True,True,True,富華新/復華新興企業債/華新科
1608,華榮,False,False,False,,,True,True,True,
1609,大亞,False,False,False,,,True,True,True,
1611,中電,True,False,False,0.0,,False,True,False,
1612,宏泰,True,False,False,0.5,,False,True,False,宏泰人壽
1614,三洋電,False,False,False,,,True,True,True,
1615,大山,False,False,False,,,True,True,True,
1616,億泰,False,False,False,,,True,True,True,
1707,葡萄王,False,False,False,,,True,True,True,
1720,生達,False,False,False,,,True,True,True,
1731,美吾華,False,False,False,,,True,True,True,
1733,五鼎,False,False,False,,,True,True,True,
1734,杏輝,False,False,False,,,True,True,True,
1752,南光,False,False,False,,,True,True,True,
1760,寶齡富錦,False,False,False,,,True,True,True,
1762,中化生,False,False,False,,,True,True,True,
1783,和康生,False,False,False,,,True,True,True,
1786,科妍,False,False,False,,,True,True,True,
1708,東鹼,False,False,False,,,True,True,True,
1709,和益,False,False,False,,,True,True,True,
1710,東聯,False,False,False,,,True,True,True,東聯互動
1711,永光,False,False,False,,,True,True,True,
1712,興農,False,False,False,,,True,True,True,
1713,國化,True,False,False,1.0,,True,True,False,中國化/美國化
1714,和桐,False,False,False,,,True,True,True,
1717,長興,False,False,False,,,True,True,True,
1718,中纖,False,False,False,,,True,True,True,
1721,三晃,False,True,False,1.0,,True,True,True,
1802,台玻,False,False,False,,,True,True,True,
1806,冠軍,True,False,False,0.03333333333333333,,False,True,False,
1809,中釉,False,False,False,,,True,True,True,
1810,和成,True,False,False,0.75,,False,True,False,和成交/溫和成長
1817,凱撒衛,False,False,False,,,True,True,True,
1903,士紙,False,False,False,,,True,True,True,
1904,正隆,False,False,False,,,True,True,True,
1905,華紙,False,False,False,,,True,True,True,
1906,寶隆,False,False,False,,,True,True,True,
1907,永豐餘,False,False,False,,,True,True,True,
1909,榮成,True,False,False,0.8666666666666667,,True,True,False,
6790,永豐實,True,False,False,1.0,,True,True,False,
2002,中鋼,False,False,True,,0.9333333333333333,True,True,True,中鋼構
2006,東和鋼鐵,False,False,True,,0.7619047619047619,True,False,True,
2007,燁興,False,False,True,,0.3333333333333333,True,False,True,
2008,高興昌,False,False,True,,0.03333333333333333,True,False,True,
2009,第一銅,False,False,True,,0.7037037037037037,True,False,True,
2010,春源,False,False,True,,0.15384615384615385,True,False,True,
2012,春雨,False,False,True,,0.3333333333333333,True,False,True,
2013,中鋼構,False,False,True,,0.5,True,False,True,
2014,中鴻,False,False,True,,0.7333333333333333,True,False,True,
2015,豐興,False,False,True,,0.23076923076923078,True,False,True,
2062,橋椿,False,False,False,,,True,True,True,
3557,嘉威,False,False,False,,,True,True,True,
6671,三能,False,False,False,,,True,True,True,
6754,匯僑設計,False,False,False,,,True,True,True,
6807,峰源,False,False,False,,,True,True,True,
8464,億豐,False,False,False,,,True,True,True,
8482,商億,False,False,False,,,True,True,True,
9911,櫻花,False,False,False,,,True,True,True,櫻花建
9924,福興,True,False,False,,,True,True,False,
9934,成霖,False,False,False,,,True,True,True,
2072,世紀風電,False,False,False,,,True,True,True,
3708,上緯投控,False,False,False,,,True,True,True,
5292,華懋,False,False,False,,,True,True,True,
6581,鋼聯,False,False,False,,,True,True,True,
6641,基士德,False,False,False,,,True,True,True,
6869,雲豹能源,True,False,False,1.0,,True,True,False,
6873,泓德能源,True,False,False,1.0,,True,True,False,
6887,寶綠特,False,False,False,,,True,True,True,
6923,中台,True,False,False,0.2,,False,True,False,
6944,兆聯實業,False,False,False,,,True,True,True,
2101,南港,True,False,False,0.3684210526315789,,False,True,False,
2102,泰豐,True,False,False,0.875,,True,True,False,
2103,台橡,False,False,False,,,True,True,True,
2104,國際中橡,False,False,False,,,True,True,True,
2105,正新,False,False,False,,,True,True,True,
2106,建大,True,False,False,1.0,,True,True,False,建大型
2107,厚生,True,False,False,0.0,,False,True,False,
2108,南帝,False,True,False,1.0,,True,True,True,
2109,華豐,False,False,False,,,True,True,True,
2114,鑫永銓,False,False,False,,,True,True,True,
2208,台船,False,False,False,,,True,True,True,
2601,益航,False,True,False,1.0,,True,True,True,
2603,長榮,True,False,False,0.9,,True,True,False,長榮航/長榮航太/長榮鋼
2605,新興,True,False,False,0.5714285714285714,,False,True,False,FH新興企業債/中信低碳新興債/中信新興亞洲債/凱基ESG新興債15+/凱基新興債1-5/凱基新興債10+/台新JPM新興債/國泰5Y+新興債/國泰新興市場/國泰新興投等債/富邦新興投等債/復華彭博新興債/復華新興企業債/新興亞/新興國家/新興市場/新興技術/新興產業/新興科技/新興記憶體/群益投等新興公債
2606,裕民,False,False,False,,,True,True,True,
2607,榮運,False,False,False,,,True,True,True,
2608,嘉里大榮,False,False,False,,,True,True,True,
2609,陽明,True,False,False,0.9666666666666667,,True,True,False,
2610,華航,False,False,False,,,True,True,True,
2611,志信,False,True,False,1.0,,True,True,True,
2302,麗正,False,False,False,,,True,True,True,
2303,聯電,True,False,False,1.0,,True,True,False,台聯電
2329,華泰,True,False,False,1.0,,True,True,False,美華泰
2330,台積電,False,False,False,,,True,True,True,
2337,旺宏,False,False,False,,,True,True,True,
2338,光罩,False,False,False,,,True,True,True,
2340,台亞,False,False,False,,,True,True,True,
2342,茂矽,False,False,False,,,True,True,True,
2344,華邦電,False,False,False,,,True,True,True,
2351,順德,True,False,False,1.0,,True,True,False,
2312,金寶,True,False,False,1.0,,True,True,False,泰金寶/金寶座
2317,鴻海,False,False,False,,,True,True,True,
2354,鴻準,False,False,False,,,True,True,True,
2359,所羅門,False,False,False,,,True,True,True,
2360,致茂,False,False,False,,,True,True,True,
2373,震旦行,False,False,False,,,True,True,True,
2390,云辰,False,False,False,,,True,True,True,
2404,漢唐,False,False,False,,,True,True,True,
2423,固緯,False,False,False,,,True,True,True,
2433,互盛電,False,False,False,,,True,True,True,
2323,中環,False,False,False,,,True,True,True,
2349,錸德,False,True,False,1.0,,True,True,True,
2374,佳能,True,False,False,0.5,,False,True,False,
2393,億光,False,False,False,,,True,True,True,
2406,國碩,False,False,False,,,True,True,True,
2409,友達,False,False,False,,,True,True,True,
2426,鼎元,False,False,False,,,True,True,True,
2429,銘旺科,False,False,False,,,True,True,True,
2438,翔耀,False,False,False,,,True,True,True,
2466,冠西電,False,False,False,,,True,True,True,
2347,聯強,False,False,False,,,True,True,True,
2414,精技,False,False,False,,,True,True,True,
2430,燦坤,False,False,False,,,True,True,True,
3010,華立,False,False,False,,,True,True,True,
3028,增你強,False,False,False,,,True,True,True,
3033,威健,False,True,False,1.0,,True,True,True,威健生技
3036,文曄,False,False,False,,,True,True,True,
3048,益登,True,False,False,1.0,,True,True,False,
3054,立萬利,False,False,False,,,True,True,True,
3055,蔚華科,False,False,False,,,True,True,True,
2427,三商電,False,False,False,,,True,True,True,
2453,凌群,True,False,False,1.0,,True,True,False,
2468,華經,True,False,False,,,True,True,False,
2471,資通,True,False,False,0.0,,False,True,False,
2480,敦陽科,False,False,False,,,True,True,True,
3029,零壹,False,True,False,0.9,,True,True,True,
4994,傳奇,True,False,False,0.08,,False,True,False,
5203,訊連,True,False,False,0.0,,False,True,False,
6112,邁達特,False,False,False,,,True,True,True,
6183,關貿,False,False,False,,,True,True,True,
2616,山隆,False,False,False,,,True,True,True,
6505,台塑化,False,False,False,,,True,True,True,
8926,台汽電,False,False,False,,,True,True,True,
9908,大台北,True,False,False,,,True,True,False,
9918,欣天然,False,False,False,,,True,True,True,
9926,新海,False,False,False,,,True,True,True,
9931,欣高,False,False,False,,,True,True,True,
9937,全國,True,False,False,0.0,,False,True,False,全國電
2701,萬企,False,False,False,,,True,True,True,
2702,華園,False,False,False,,,True,True,True,
2704,國賓,True,False,False,1.0,,True,True,False,
2705,六福,False,False,False,,,True,True,True,
2706,第一店,False,False,False,,,True,True,True,
2707,晶華,False,False,False,,,True,True,True,
2712,遠雄來,False,False,False,,,True,True,True,
2722,夏都,False,False,False,,,True,True,True,
2723,美食,True,False,False,0.5833333333333334,,False,True,False,漢來美食/皇家美食
2727,王品,False,False,False,,,True,True,True,
2801,彰銀,False,False,False,,,True,True,True,
2812,台中銀,False,False,False,,,True,True,True,
2816,旺旺保,False,False,False,,,True,True,True,
2820,華票,False,False,False,,,True,True,True,
2832,台產,True,False,False,0.85,,True,True,False,
2834,台企銀,False,False,False,,,True,True,True,
2836,高雄銀,False,False,False,,,True,True,True,
2838,聯邦銀,True,False,False,1.0,,True,True,False,
2845,遠東銀,False,False,False,,,True,True,True,
2849,安泰銀,False,False,False,,,True,True,True,
2901,欣欣,True,False,False,,,True,True,False,
2903,遠百,False,False,False,,,True,True,True,
2905,三商,True,False,False,0.5,,False,True,False,三商人壽/三商壽/三商家購/三商美邦/三商電/三商餐飲
2906,高林,False,False,False,,,True,True,True,高林股
2908,特力,False,False,False,,,True,True,True,雅特力
2910,統領,False,False,False,,,True,True,True,
2911,麗嬰房,False,False,False,,,True,True,True,
2912,統一超,False,False,False,,,True,True,True,
2913,農林,False,False,False,,,True,True,True,
2915,潤泰全,False,False,False,,,True,True,True,
3130,一零四,False,False,False,,,True,True,True,
6165,浪凡,False,False,False,,,True,True,True,
6614,資拓宏宇,False,False,False,,,True,True,True,
6689,伊雲谷,True,False,False,1.0,,True,True,False,
6902,GOGOLOOK,False,False,False,,,True,True,True,
6906,現觀科,False,False,False,,,True,True,True,
7721,微程式,False,False,False,,,True,True,True,
7722,LINEPAY,False,False,False,,,True,True,True,
7765,中華資安,False,False,False,,,True,True,True,
8454,富邦媒,False,False,False,,,True,True,True,
