code,name,kind,n_hits,time,title,from_round1,ok_claude,ok,note
1210,大成,name,19,2019-06-05,[新聞] 肉品需求增 大成、卜蜂連袂揚,1,,,
1210,大成,name,19,2020-03-27,[新聞] 【公告】大成董事會決議股利分派,1,,,
1210,大成,name,19,2020-07-16,[標的] 大成 多,1,,,
1210,大成,name,19,2020-08-31,[新聞] 美豬來台叩關　大成卜蜂走跌,1,,,
1210,大成,name,19,2020-09-03,[其他] 有沒有超前部署放空大成的八卦？,1,,,
1210,大成,name,19,2021-02-16,[請益] 卜蜂為何能超車大成?,1,,,
1210,大成,name,19,2021-02-22,[新聞] 陸中海油渤海探勘獲重大成果 發現億噸級,0,0,0,
1210,大成,name,19,2021-06-24,[新聞] 鋼鐵股夯！嘉義幫、虎尾幫漂亮進出大成,1,,,
1210,大成,name,19,2021-06-28,[新聞] 《鋼鐵股》美國基建＋金屬價格走升 大成,1,,,
1210,大成,name,19,2021-09-13,Fw: [新聞] 植物肉正流行！大成將投10億蓋專屬工廠,1,,,
1210,大成,name,19,2021-09-14,[新聞] 扛8兆巨債時間滴答響！恒大成中國經濟炸,0,0,0,
1210,大成,name,19,2021-12-23,[新聞] 「黃小玉」原物料飆漲，大成食品董事長：,1,,,
1210,大成,name,19,2022-02-04,[請益] 大成年後長線多,1,,,
1210,大成,name,19,2022-03-02,[新聞] 大成砸6.8億 再標下嘉義馬稠後土地,1,,,
1210,大成,name,19,2023-02-23,[新聞] 雞蛋缺口每日上看200萬顆　卜蜂、大成,1,,,
1210,大成,name,19,2023-03-01,[新聞] 大成卜蜂飆 聯發科撐盤 台股早盤跌幅收歛,1,,,
1210,大成,name,19,2023-05-03,[情報] 大成112Q1合併財報 EPS:0.9,1,,,
1210,大成,name,19,2023-10-12,[新聞] 《食品股》大成斥資10億打造最大洗選蛋廠,1,,,
1210,大成,name,19,2023-11-10,[新聞] 《食品股》大成前三季每股盈餘3.68元,1,,,
1216,統一,name,63,2019-03-26,[新聞] 最牛一輪／國泰道瓊反1熱 統一87俏,0,0,0,
1216,統一,name,63,2020-02-20,Re: [請益] 統一權證拉開買賣價差!請問可以投訴嗎?,0,0,0,
1216,統一,name,63,2020-06-20,[請益] 統一該如何操作?,0,1,1,
1216,統一,name,63,2020-06-28,[新聞] 被酸數位會員落後全家 統一董座：蠻好笑,0,1,1,
1216,統一,name,63,2021-01-13,[新聞] 恆大 傳獲統一口罩大單,0,0,0,恆大接到「統一」採購的口罩單？不確定是不是統一企業
1216,統一,name,63,2021-02-02,[新聞] 自爆有人找他兜售疫苗 柯文哲：統一由中,0,0,0,
1216,統一,name,63,2021-04-09,[新聞] 三竹下單系統一度雍塞 緊急處理後排除,0,0,0,
1216,統一,name,63,2021-09-17,[新聞] 統一特選台灣5G ETN換股 驅動IC、矽晶圓,0,0,0,
1216,統一,name,63,2021-09-24,[新聞] 歐盟擬統一手機充電器接頭　蘋果批評扼殺,0,0,0,
1216,統一,name,63,2021-10-29,[新聞] 買下家樂福？ 統一罕見出面回應,0,1,1,
1216,統一,name,63,2021-11-04,[新聞] 若家樂福抬高價 統一不排除獲利出場,0,1,1,
1216,統一,name,63,2021-11-30,[新聞] 台灣散戶成了港股韭菜！元大、統一遭駭,0,0,0,
1216,統一,name,63,2021-12-24,[標的] 020030.TW 統一智慧電動車 (天之嬌車),0,0,0,
1216,統一,name,63,2022-01-24,[新聞] 統一、儒鴻、富邦媒 外資挺,0,1,1,
1216,統一,name,63,2022-01-27,[新聞]獨／勞退基金內線買KY股 統一經理人約速,0,0,0,
1216,統一,name,63,2022-03-16,[新聞] 央視揭黑心酸菜 統一駁:土坑醃製酸菜並未,0,1,1,
1216,統一,name,63,2022-03-22,[新聞] 統一砸541億吃台灣家樂福？外媒曝已獲優,0,1,1,
1216,統一,name,63,2022-04-11,[新聞] 衝刺國內大循環　陸定調新路線「加快統一,0,0,0,
1216,統一,name,63,2022-06-03,[新聞] 誠品信義爭取續約「等統一點頭」　羅智,0,1,1,
1216,統一,name,63,2022-06-07,[新聞] iPhone躲不掉了！歐盟拍板：所有手機統一,0,0,0,
1216,統一,name,63,2022-07-12,[新聞] 統一羅智先看景氣：從沒看過這麼嚴峻情況,0,1,1,
1216,統一,name,63,2022-07-12,[新聞]經營環境惡劣 統一董座羅智先：連金融海嘯,0,1,1,
1216,統一,name,63,2022-07-19,[新聞] Live／統一、統一超23:40宣布董事會「重,0,1,1,
1216,統一,name,63,2022-07-20,[新聞] 統一併台灣家樂福將送審 公平會:2面向審,0,1,1,
1216,統一,name,63,2022-08-02,[新聞] 中共禁台食品！泰山重摔逾5% 統一、愛之,0,1,1,
1216,統一,name,63,2022-08-04,[新聞] 中元節旺季沒了？ 食品股成重災區 統一除,0,1,1,
1216,統一,name,63,2022-08-11,[新聞] 統一上半年獲利衰退15.75% 每股純益1.6元,0,1,1,
1216,統一,name,63,2023-01-17,[新聞] 何時與統一合併？家樂福：仍待公平會審,0,1,1,
1216,統一,name,63,2023-12-05,[新聞] 南紡售統一國際大樓持分，貢獻獲利31億,0,0,0,統一國際大樓，主角是南紡
1216,統一,name,63,2023-12-15,[標的] 067893聯發科統一33購01  討論,0,0,0,
1303,南亞,name,25,2019-09-03,[新聞] 外資保守看台化、南亞後市,1,,,
1303,南亞,name,25,2020-04-10,[新聞] 台塑化單季虧近百億元 僅南亞小賺 四寶Q1,0,1,1,
1303,南亞,name,25,2021-01-14,[新聞] 南亞、台化 滙豐喊買,1,,,
1303,南亞,name,25,2021-03-05,[新聞] 台塑三寶2月營收均年增逾2成 台塑、南亞,1,,,
1303,南亞,name,25,2021-04-09,[新聞]《熱門族群》四寶Q1賺翻 台塑、南亞、台化EPS逾2元,0,1,1,
1303,南亞,name,25,2021-04-27,[新聞] PBT價格好飆 新纖、長春、南亞受惠,0,1,1,
1303,南亞,name,25,2021-05-06,[新聞] 南亞:公告本公司2021年4月合併營業額,1,,,
1303,南亞,name,25,2021-07-05,[標的] 南亞 各種題材 多,0,1,1,
1303,南亞,name,25,2021-09-12,[新聞] 環氧樹脂9月報價續揚 南亞電子材料營運蓄,0,1,1,
1303,南亞,name,25,2022-02-14,[情報] 台塑、南亞、台化、台塑化 2022/01自結,0,1,1,
1303,南亞,name,25,2022-03-08,[情報] 台塑、南亞、台化、台塑化 2022/02自結,0,1,1,
1303,南亞,name,25,2022-03-10,[新聞] 台塑向南亞購地 拚仁武廠轉型,0,1,1,
1303,南亞,name,25,2022-04-11,[情報] 台塑/南亞/台化/台塑化 2022/03暨Q1自結,1,,,
1303,南亞,name,25,2022-05-06,[情報] 台塑、南亞、台化、台塑化 2022/04自結,0,1,1,
1303,南亞,name,25,2022-07-06,[新聞] 200多萬股民好緊張！南亞等20檔股票今,0,1,1,
1303,南亞,name,25,2022-07-06,[新聞] 《塑膠股》Q2營收恐不妙 南亞重摔苦貼息,1,,,
1303,南亞,name,25,2022-07-11,[情報] 台塑/南亞/台化/台塑化 2022/06暨Q2自結,0,1,1,
1303,南亞,name,25,2022-08-08,[情報] 台塑 台化 南亞公告7月合併營業額,1,,,
1303,南亞,name,25,2022-10-11,[情報] 台塑/南亞/台化/台塑化 2022/09暨Q3自結,0,1,1,
1303,南亞,name,25,2022-11-08,[情報] 台塑、南亞、台化、台塑化 2022/10自結,0,1,1,
1303,南亞,name,25,2022-12-07,[情報] 台塑、南亞、台化、台塑化 2022/11自結,1,,,
1303,南亞,name,25,2023-01-10,[情報] 台塑/南亞/台化/台塑化 2022/12暨全年自結,0,1,1,
1303,南亞,name,25,2023-05-31,[新聞] 南亞看好AI帶動電子材料需求增，持續擴充,1,,,
1303,南亞,name,25,2023-07-10,[情報] 台塑/南亞/台化/台塑化 2023/06暨Q2自結,1,,,
1303,南亞,name,25,2023-10-30,[新聞] 台塑集團傳祭優退政策？南亞董座回應了,0,1,1,
1423,利華,name,1,2023-05-23,[新聞] 全友、國化、利華 擬賣地求榮 全友率先,1,,,
1503,士電,name,2,2021-10-01,[新聞] 士電大啖電動車商機 靠動力系統攻下國內,1,,,
1503,士電,name,2,2023-06-19,[新聞] 聯詠、士電 認購來電,1,,,
1515,力山,name,7,2019-09-27,[新聞] 出貨旺，喬山、力山8月營收搶眼,1,,,
1515,力山,name,7,2019-11-11,[新聞] 旺季到 喬山、力山勇健,1,,,
1515,力山,name,7,2020-06-04,[標的] 美國義士裝修美利堅概念股 -- 力山,1,,,
1515,力山,name,7,2020-09-02,[請益] 運動器材( 喬山 力山 岱宇),1,,,
1515,力山,name,7,2022-02-07,[新聞] 健身器材大廠(力山工業)遭控砍單欠款！,1,,,
1515,力山,name,7,2022-02-09,[新聞] 控力山器材大廠砍單欠款「神鬼都是他」,1,,,
1515,力山,name,7,2022-07-13,[新聞] Peloton停止自製器材 台灣力山工業代工,1,,,
1519,華城,name,11,2020-12-02,[新聞] MHI Vestas承租華城電機台中港廠區 再擴,1,,,
1519,華城,name,11,2023-03-20,[新聞] 台電釋肥單 中興電、華城歡呼,1,,,
1519,華城,name,11,2023-04-10,[新聞] 〈華城專訪〉電動車充電樁傳捷報 獨吞頂,1,,,
1519,華城,name,11,2023-06-16,[新聞] 《熱門族群》中興電漲停、華城飆天價 重,1,,,
1519,華城,name,11,2023-07-12,[新聞]  華城90天股價漲逾182％　並列20檔上市櫃,1,,,
1519,華城,name,11,2023-07-17,[新聞] 華城攜手美商 合攻儲能,1,,,
1519,華城,name,11,2023-07-19,[新聞] 華城中興電 啖能源轉型題材,1,,,
1519,華城,name,11,2023-11-07,[新聞] 焦點股》華城：訂單滿手 股價重回攻勢,1,,,
1519,華城,name,11,2023-11-08,[新聞] 華城:公告本公司112年第3季合併財務報告,1,,,
1519,華城,name,11,2023-12-07,[請益] 如何才能發掘到像華城這種股票呢？,1,,,
1519,華城,name,11,2023-12-12,[新聞] 華城法說會外銷暢旺 明年業績拚雙位,1,,,
1603,華電,name,2,2019-04-02,[新聞] 華電財報難產 竟然是因為這個...,1,,,
1603,華電,name,2,2023-03-19,[標的] 華電 電網強韌計畫,1,,,
1612,宏泰,name,4,2022-03-27,[新聞] 宏泰去年獲利大爆發 稅後純益26.9億元、,1,,,
1612,宏泰,name,4,2022-09-01,[新聞] 三商、宏泰、南山人壽踩監理紅線,1,,,
1612,宏泰,name,4,2022-09-20,[新聞] 台電電網強化商機，法人點名宏泰唯一獲台灣高壓防鼠蟻電纜認證廠,1,,,
1612,宏泰,name,4,2023-08-10,[情報] 宏泰112年第二季財報 H1:1.05,1,,,
1713,國化,name,2,2021-10-07,[新聞] 出貨升溫 中華化、國化營運推進,1,,,
1713,國化,name,2,2023-05-23,[新聞] 全友、國化、利華 擬賣地求榮 全友率先,1,,,
1810,和成,name,4,2019-04-12,[新聞] 會做馬桶更會做外掛複合裝甲 和成公司獲,1,,,
1810,和成,name,4,2022-11-25,[新聞] 防彈陶瓷這麼猛？和成六天股價飆漲六成,1,,,
1810,和成,name,4,2023-04-17,[新聞] 和成軍工題材加持 連拉3根漲停創24年來新,1,,,
1810,和成,name,4,2023-12-20,[新聞] 友達彭双浪：面板已觸底 明年可望溫和成,1,,,
2106,建大,name,5,2019-03-14,[標的] 建大,1,,,
2106,建大,name,5,2019-06-25,[新聞] 建大代重要子公司建大環宇（中國）投資?-,1,,,
2106,建大,name,5,2020-03-26,[新聞] 建大 現金股利 0.4 股票0.4,1,,,
2106,建大,name,5,2022-03-23,[新聞] 建大去年每股賺1.01元 擬配發現金股利1元,1,,,
2106,建大,name,5,2022-07-01,[新聞]電價平均漲8.4% 建大總裁楊銀明：應該要,1,,,
2312,金寶,name,10,2020-04-08,[新聞] 金寶5月全球設立口罩呼吸器產線 股價漲停,0,1,1,
2312,金寶,name,10,2020-09-01,[新聞] 昇貿、金寶 出貨暢旺,1,,,
2312,金寶,name,10,2020-12-07,[新聞] 拿下SpaceX訂單 金寶樂攻漲停,1,,,
2312,金寶,name,10,2021-04-28,[新聞] 低軌衛星+奇亞幣題材發酵　金寶股價飆近,1,,,
2312,金寶,name,10,2022-03-09,[新聞] 林岱樺揭深喉嚨錄音檔　再爆金寶董座自,1,,,
2312,金寶,name,10,2022-03-19,[新聞] 金寶庫藏股自肥案 金管會開罰72萬,1,,,
2312,金寶,name,10,2022-03-22,[新聞] 金寶上演經營權之爭？許勝雄說「對人性,0,1,1,
2312,金寶,name,10,2022-05-03,[新聞] 爭議又一樁 金寶違反利益迴避慘賠1.6億,1,,,
2312,金寶,name,10,2022-05-13,[新聞] 〈金寶經營權之爭〉重申年報如有誤植將一,0,1,1,
2312,金寶,name,10,2023-05-15,[情報]  金寶 Q1 eps 0.17年減25.55%,1,,,
2329,華泰,name,5,2021-08-05,[情報] 華泰董事會決議不分派110年第二季盈餘。,1,,,
2329,華泰,name,5,2023-07-14,[新聞] Q3營運優於Q2 華泰創今年最高價,1,,,
2329,華泰,name,5,2023-10-26,[新聞] 華泰Q3獲利衝高，全年EPS估逾2元,1,,,
2329,華泰,name,5,2023-11-30,[請益] 看不懂華泰到底是在吃貨還是出貨,1,,,
2329,華泰,name,5,2023-12-04,[新聞] 《半導體》華泰 外資投信敲進,1,,,
2605,新興,name,14,2019-06-07,[新聞] VLSI技術及電路研討會　台積電發布新興記,1,,,
2605,新興,name,14,2020-02-04,[其他] 新興債展望2/4~2/17,0,0,0,
2605,新興,name,14,2020-10-17,[新聞] 研究：出現在豬隻身上的新興冠狀病毒 可,0,0,0,
2605,新興,name,14,2021-05-09,[新聞] 陸發展超高清影片產業 要創兆元級新興,0,0,0,
2605,新興,name,14,2021-06-22,[情報] 新興五月自結 EPS 0.28,1,,,
2605,新興,name,14,2021-07-24,[心得] 無腦多買新興  一直跌,0,1,1,「一直跌」像是在講新興股票
2605,新興,name,14,2021-07-27,Re: [心得] 無腦多買新興  一直跌賣出一張,1,,,
2605,新興,name,14,2021-08-22,[新聞] 周冠軍 華爾街郭哲榮 本周看好新興、慧洋,1,,,
2605,新興,name,14,2021-10-12,[新聞] 新興9月營收4.10億元年增46.44%,0,1,1,
2605,新興,name,14,2021-11-08,[標的] 新興2021年10月合併營收5.04億元年增63%,1,,,
2605,新興,name,14,2022-07-19,[新聞] 特斯拉和新興電動車廠商正透過重組和縮,0,0,0,
2605,新興,name,14,2022-09-26,[情報] 出售新興農化工(南通)有限公司100%股,0,0,0,出售新興農化工的可能是興農，不是新興航運
2605,新興,name,14,2023-12-04,[新聞] 散裝船運價飆漲　裕民、新興等8檔衝漲停,0,1,1,
2605,新興,name,14,2023-12-06,[新聞] BDI連七紅 裕民、中航、新興受惠,1,,,
2905,三商,name,4,2019-04-05,[新聞] 《股利-百貨》三商去年EPS降至0.43元，,1,,,
2905,三商,name,4,2020-03-27,[新聞] 三商 公告本公司董事會決議股利分派,1,,,
2905,三商,name,4,2022-07-07,[請益] 三商賭對了吧？,1,,,
2905,三商,name,4,2022-09-01,[新聞] 三商、宏泰、南山人壽踩監理紅線,1,,,
