code,name,kind,n_hits,time,title,ok_claude,ok,note
1108,幸福,name,21,2019-12-27,[新聞] 超幸福！玉山金明年給員工加薪10% 創金控,0,0,
1108,幸福,name,21,2020-03-30,Re: [心得] 在台灣真的好幸福,0,0,
1108,幸福,name,21,2020-06-04,[新聞] 大宇資員工平均年薪180萬 網友：太幸福了,0,0,
1108,幸福,name,21,2020-07-06,[心得] 書單分享-“賺錢，也賺幸福”,0,0,
1108,幸福,name,21,2021-01-13,[心得] 拗單前幸福,0,0,
1108,幸福,name,21,2021-05-04,[創作] 失重前幸福  只剩航運股,0,0,
1108,幸福,name,21,2021-05-05,[新聞] 中企又爆雷！「華夏幸福」債務違約近1600,0,0,
1108,幸福,name,21,2021-07-09,[請益] 長榮早上那一根是在送幸福嗎？,0,0,
1108,幸福,name,21,2021-07-31,[新聞] 萬海員工好幸福 分紅16萬,0,0,
1108,幸福,name,21,2021-08-01,[新聞] 華夏幸福逾期債務超815億 股價暴跌逾85%,0,0,
1108,幸福,name,21,2021-08-02,[心得] 拜登送幸福，航運重返榮耀？,0,0,
1108,幸福,name,21,2021-08-11,[請益] 凱基台北是不是賺太多最近一直送幸福?,0,0,
1108,幸福,name,21,2021-08-17,[創作]說好的幸福呢,0,0,
1108,幸福,name,21,2021-08-19,[心得] 現在資金還在手上是幸福的 別傻傻抄底,0,0,
1108,幸福,name,21,2021-08-27,[創作］說好的幸福呢？,0,0,
1108,幸福,name,21,2021-09-12,[新聞] 幸福企業！台積電補班日「不補班」 周末,0,0,
1108,幸福,name,21,2021-11-02,[創作] 失重前幸福,0,0,
1108,幸福,name,21,2021-11-09,[新聞] 元宇宙送幸福！台積電受惠超微接meta大單,0,0,
1108,幸福,name,21,2021-12-30,[新聞] 華航估年終有望4個月 登航空「正港幸福,0,0,
1108,幸福,name,21,2022-01-05,[創作] 說好的解套呢（說好的幸福呢）,0,0,
1108,幸福,name,21,2022-01-14,[創作] 套牢的瞬間 (幸福的瞬間),0,0,
1109,信大,name,15,2019-03-29,[其他] 信大 董事會決議現金股利分派,1,1,
1109,信大,name,15,2019-11-19,[標的] 4968 立積投信大逃殺全力放空,0,0,
1109,信大,name,15,2019-12-11,[新聞] 瑞信大膽預測: Fed年底或許得實行QE4,0,0,
1109,信大,name,15,2020-03-10,[心得] 00672L原油正2 投信大減部位了,0,0,
1109,信大,name,15,2021-05-14,[請益] 投信大賣鋼鐵航運,0,0,
1109,信大,name,15,2021-06-25,[新聞] 航運大股東賣股潮？益航志信大股東要賣,0,0,
1109,信大,name,15,2021-07-16,[請益] 為什麼投信大哥會做殺尾盤這種卑鄙的事？,0,0,
1109,信大,name,15,2021-07-28,[請益] 投信大哥的操作,0,0,
1109,信大,name,15,2021-12-01,[新聞] 這家PCB廠昨投信大買2千多張 今盤中卻跌,0,0,
1109,信大,name,15,2022-09-29,[標的] 6279胡連 投信大哥多,0,0,
1109,信大,name,15,2022-12-19,"[新聞] 台玻上周投信大買24,701張今暴跌 現買現",0,0,
1109,信大,name,15,2023-03-20,[新聞] 金融業踩瑞信大雷？國泰金率先澄清,0,0,
1109,信大,name,15,2023-04-14,[新聞] 銀行信心搖搖欲墜 嘉信大股東把持股拋光,0,0,
1109,信大,name,15,2023-07-14,[新聞] 北市中華電信大樓頂樓起火 滾滾濃煙籠罩,0,0,
1109,信大,name,15,2023-12-07,[新聞] 投信大買金融 永豐金最吸金,0,0,
1210,大成,name,32,2019-03-22,[新聞] 矽力-KY：今年營收恐難有大成長,0,0,
1210,大成,name,32,2019-06-05,[新聞] 肉品需求增 大成、卜蜂連袂揚,1,1,
1210,大成,name,32,2019-11-21,[標的] 新至陞3679(獲利大成長.主升段飆股),0,0,
1210,大成,name,32,2020-03-27,[新聞] 【公告】大成董事會決議股利分派,1,1,
1210,大成,name,32,2020-07-16,[標的] 大成 多,1,1,
1210,大成,name,32,2020-07-16,[新聞] 四大成長動能 散熱族群人氣升溫,0,0,
1210,大成,name,32,2020-08-18,[新聞] 廣錠大成長灌頂，廣積H2業績掛渦輪，旺到,0,0,
1210,大成,name,32,2020-08-31,[新聞] 美豬來台叩關　大成卜蜂走跌,1,1,
1210,大成,name,32,2020-09-03,[其他] 有沒有超前部署放空大成的八卦？,1,1,
1210,大成,name,32,2020-11-18,[新聞] 玉山金明年大成長 外資重申目標價30元,0,0,
1210,大成,name,32,2020-11-18,Re: [新聞] 玉山金大成長 外資重申目標價30[附單],0,0,
1210,大成,name,32,2020-12-07,[新聞] 台積電5奈米產能 明年大成長,0,0,
1210,大成,name,32,2021-02-16,[請益] 卜蜂為何能超車大成?,1,1,
1210,大成,name,32,2021-03-19,[新聞] 同欣電：今年氮化鎵快充應用大成長,0,0,
1210,大成,name,32,2021-06-24,[新聞] 鋼鐵股夯！嘉義幫、虎尾幫漂亮進出大成,0,0,鋼鐵股脈絡，標題截斷，應是大成鋼
1210,大成,name,32,2021-06-28,[新聞] 《鋼鐵股》美國基建＋金屬價格走升 大成,0,0,同上，應是大成鋼
1210,大成,name,32,2021-09-13,Fw: [新聞] 植物肉正流行！大成將投10億蓋專屬工廠,1,1,
1210,大成,name,32,2021-12-23,[新聞] 「黃小玉」原物料飆漲，大成食品董事長：,1,1,
1210,大成,name,32,2022-01-16,[新聞] 北科大成立元宇宙XR研發中心打造育才基地,0,0,
1210,大成,name,32,2022-02-04,[請益] 大成年後長線多,1,1,
1210,大成,name,32,2022-03-02,[新聞] 大成砸6.8億 再標下嘉義馬稠後土地,1,1,
1210,大成,name,32,2022-03-25,[新聞] 亞洲貨運量運價望回升 貨櫃三雄將大成長,0,0,
1210,大成,name,32,2022-05-12,[新聞] 焦點股：旺矽獲利大成長，首季每股賺下3.,0,0,
1210,大成,name,32,2022-10-19,[新聞] 0056除息日爆史上最大成交量！逾17萬張,0,0,
1210,大成,name,32,2023-02-23,[新聞] 雞蛋缺口每日上看200萬顆　卜蜂、大成,1,1,
1210,大成,name,32,2023-03-01,[新聞] 大成卜蜂飆 聯發科撐盤 台股早盤跌幅收歛,1,1,
1210,大成,name,32,2023-05-03,[情報] 大成112Q1合併財報 EPS:0.9,1,1,
1210,大成,name,32,2023-09-14,[新聞] 廣達看旺AI伺服器 明年大成長,0,0,
1210,大成,name,32,2023-10-12,[新聞] 《食品股》大成斥資10億打造最大洗選蛋廠,1,1,
1210,大成,name,32,2023-11-10,[新聞] 《食品股》大成前三季每股盈餘3.68元,1,1,
1216,統一,name,81,2019-03-30,[新聞] 德3月失業率降至4.9% 兩德統一以來最低,0,0,
1216,統一,name,81,2019-05-08,[新聞] 《食品股》外資助攻，統一高飛,1,1,
1216,統一,name,81,2019-06-13,[標的] 統一,1,1,
1216,統一,name,81,2019-08-13,[標的] 統一取消聯合香港聯合法說會,1,1,
1216,統一,name,81,2020-05-26,[新聞] 營收超過家樂氏、明治，全球第12大的統一曾經是一艘「破船」,1,1,
1216,統一,name,81,2020-07-18,[標的] 統一 統一超  多,1,1,
1216,統一,name,81,2020-10-24,[新聞] 修憲刪國家統一、固有疆域 11月起辦4場疲,0,0,
1216,統一,name,81,2020-11-22,[新聞] 統一業績回溫 瑞銀按讚升評買進,1,1,
1216,統一,name,81,2020-12-22,[新聞] 勞動基金炒股案第四波 統一投信副總闕志,0,0,
1216,統一,name,81,2020-12-28,[新聞] 最慘內線！統一買賣星巴克股權　高層偷買,1,1,
1216,統一,name,81,2021-08-13,[請益] 統一怎麼了,1,1,
1216,統一,name,81,2021-09-24,[新聞] 蘋果頭痛了！歐盟：充電接頭將統一用Type,0,0,
1216,統一,name,81,2021-10-01,[新聞] 勞動基金又爆炒股弊案！統一投信2經理人,0,0,
1216,統一,name,81,2021-10-07,[新聞] 統一買台灣家樂福？羅智先講這個不禮貌,1,1,
1216,統一,name,81,2021-11-02,[新聞] 不是只有統一要買！遠東集團表態已參與競,1,1,
1216,統一,name,81,2021-11-09,[新聞] 統一兩逾30歲長青品牌 搶攻百億泡麵市場,1,1,
1216,統一,name,81,2021-12-16,[新聞] 掰推特、納微軟 統一FANG+迎接MAMAA創新,0,0,
1216,統一,name,81,2022-03-22,[新聞] 彭博：台灣家樂福 數週內將賣給統一,1,1,
1216,統一,name,81,2022-06-08,[新聞] 誠品信義店續命無望 支持吳旻潔的統一大,1,1,統一集團挺吳旻潔，不確定
1216,統一,name,81,2022-07-19,[新聞] 收購台灣家樂福？統一、統一超23:40開記,1,1,
1216,統一,name,81,2022-07-20,[新聞] 統一290億元正式買下家樂福！與全聯雙雄,1,1,
1216,統一,name,81,2022-10-01,[新聞] 統一投顧：台股10月迎反彈契機,0,0,
1216,統一,name,81,2022-10-05,[新聞] 歐洲議會通過新法 規定充電器規格統一,0,0,
1216,統一,name,81,2022-11-30,[情報] 00878的持股變化（刪除華新/統一/元太）,1,1,
1216,統一,name,81,2022-12-12,[新聞] 統一FANG+ ETF成分股變動 AMD、Snowflake,0,0,
1216,統一,name,81,2022-12-14,[新聞] 陽明難得出手　投資凱基富麗與統一富麗,0,0,
1216,統一,name,81,2023-05-05,[新聞] 併購案過了！統一290億買下家樂福　公平,1,1,
1216,統一,name,81,2023-06-07,[新聞] 綠商標排行 統一、蘋果占先機,1,1,
1216,統一,name,81,2023-09-05,[新聞] 無照分析股票 統一投顧總座遭停職半年,0,0,
1216,統一,name,81,2023-12-01,[新聞] 統一告YouTuber重製影片「超商浩克」損害,1,1,可能是統一超的廣告
1301,台塑,name,120,2019-07-01,[標的] 台塑 空,1,1,
1301,台塑,name,120,2019-07-11,[新聞] 台塑德州廠擬加碼12億防污,1,1,台塑美國子公司
1301,台塑,name,120,2019-09-02,[新聞] 三大利空壓境　石化業過苦日子　台塑四寶,1,1,
1301,台塑,name,120,2020-03-15,[新聞]超跌？台塑四寶低檔吸金,1,1,
1301,台塑,name,120,2020-06-05,[新聞]  台塑四寶5月營收765.69億元，年減40.13,1,1,
1301,台塑,name,120,2020-07-08,[新聞] 台塑加薪華航復班…業界：景氣露局部曙光,1,1,
1301,台塑,name,120,2020-07-21,[新聞] 印度抗原快篩試劑，台塑+寶齡~~~顆顆顆,0,0,
1301,台塑,name,120,2020-09-14,[新聞]台塑集團旗下福懋奪蘋果新品訂單,0,0,
1301,台塑,name,120,2020-10-08,[其他] 台塑四寶Q3開獎,1,1,
1301,台塑,name,120,2020-12-07,[新聞] 國際油價反彈 台塑四寶11月營收「三連升,1,1,
1301,台塑,name,120,2021-01-21,[新聞] 台塑外籍技師泰國確診 接觸新港廠10多名,1,1,台塑集團員工
1301,台塑,name,120,2021-05-06,[新聞] 台塑四寶維持Q2營收更上層樓看法 下游轉,1,1,
1301,台塑,name,120,2021-05-10,[新聞] 台塑四寶旺季到 營運安啦,1,1,
1301,台塑,name,120,2021-05-18,[新聞] 「台塑沒按計畫發電造成缺電」 台塑怒斥,1,1,
1301,台塑,name,120,2021-06-28,[新聞]台塑賺翻｜王瑞瑜持有聯亞藥1.5萬張　4天,0,0,
1301,台塑,name,120,2021-07-07,[新聞] 業績周五揭曉 台塑四寶Q2有看頭,1,1,
1301,台塑,name,120,2021-07-09,[新聞] 台塑生醫申讓聯亞藥2000張,0,0,
1301,台塑,name,120,2021-09-06,[情報] 台塑四寶 八月營收,1,1,
1301,台塑,name,120,2022-01-10,[新聞] 賺翻了！台塑四寶去年獲利高達2402.95億,1,1,
1301,台塑,name,120,2022-01-17,[新聞] 台塑總裁王文淵拍板不額外發紅包 估今年獲利不如去年,1,1,台塑集團總裁
1301,台塑,name,120,2022-03-01,"[新聞] 台塑四寶股息 上看1,800億",1,1,
1301,台塑,name,120,2022-03-08,[情報] 台塑、南亞、台化、台塑化 2022/02自結,1,1,
1301,台塑,name,120,2022-05-06,[情報] 台塑、南亞、台化、台塑化 2022/04自結,1,1,
1301,台塑,name,120,2022-07-11,[情報] 台塑/南亞/台化/台塑化 2022/06暨Q2自結,1,1,
1301,台塑,name,120,2022-08-02,[新聞] 瞄準磷酸鋰鐵電池商機 台塑新智能三階段進攻,1,1,台塑轉投資的台塑新智能
1301,台塑,name,120,2022-08-08,[情報] 台塑 台化 南亞公告7月合併營業額,1,1,
1301,台塑,name,120,2022-10-12,[新聞] 台塑四寶 Q3純益劇減九成,1,1,
1301,台塑,name,120,2022-11-08,[情報] 台塑、南亞、台化、台塑化 2022/10自結,1,1,
1301,台塑,name,120,2023-04-11,[情報] 台塑四寶Q1搶頭香,1,1,
1301,台塑,name,120,2023-07-10,[情報] 台塑/南亞/台化/台塑化 2023/06暨Q2自結,1,1,
1303,南亞,name,66,2019-05-12,[新聞] 全球經濟成長靠中國？渣打銀行：東南亞和,0,0,
1303,南亞,name,66,2019-05-28,[新聞] 物流落後掣肘東南亞接棒“中國製造”,0,0,
1303,南亞,name,66,2019-06-06,[新聞] 東南亞企業來台上櫃意願高,0,0,
1303,南亞,name,66,2019-06-17,[新聞] 工業4.0成為美中貿易戰下，東南亞的成功,0,0,
1303,南亞,name,66,2019-09-03,[新聞] 外資保守看台化、南亞後市,1,1,
1303,南亞,name,66,2019-10-24,[標的] 4107 邦特  東南亞洗腎概念股,0,0,
1303,南亞,name,66,2020-03-27,[新聞] 東南亞「疫」起淪陷 中鋼印度、大馬廠暫,0,0,
1303,南亞,name,66,2020-08-19,[新聞] Zoom新加坡開設資料中心 東南亞首座,0,0,
1303,南亞,name,66,2020-09-26,[新聞] 金萬林進軍東南亞多國,0,0,
1303,南亞,name,66,2020-10-23,[新聞] 撤離中國：韓企從中國轉往東南亞而非回流,0,0,
1303,南亞,name,66,2021-01-14,[新聞] 南亞、台化 滙豐喊買,1,1,
1303,南亞,name,66,2021-03-05,[新聞] 台塑三寶2月營收均年增逾2成 台塑、南亞,1,1,
1303,南亞,name,66,2021-04-19,[新聞] 美時攜手泰國國家隊 揮軍東南亞市場,0,0,
1303,南亞,name,66,2021-05-06,[新聞] 南亞:公告本公司2021年4月合併營業額,1,1,
1303,南亞,name,66,2021-05-23,[新聞]BNT東南亞設據點製疫苗 星國為何雀屏中選,0,0,
1303,南亞,name,66,2021-06-03,[新聞] 中國、東南亞疫情升溫 Q3海運運價有望優,0,0,
1303,南亞,name,66,2021-06-15,[新聞] 國產疫苗可望銷往東南亞,0,0,
1303,南亞,name,66,2021-06-23,[新聞] 國光生東南亞啟動二期收案 最快明年首季,0,0,
1303,南亞,name,66,2021-06-26,[新聞] 國光新冠二期臨床將在東南亞啟動 要爭取,0,0,
1303,南亞,name,66,2021-07-03,[新聞] 東南亞外資逃 專家：台股免驚,0,0,
1303,南亞,name,66,2021-08-05,[新聞] 美國拜登團隊接力拉攏東南亞 討論區域安,0,0,
1303,南亞,name,66,2021-12-04,[新聞] 東南亞航線運價再增12%續創新高,0,0,
1303,南亞,name,66,2022-04-02,[新聞] 《國際產業》東南亞最大獨角獸GoTo IPO,0,0,
1303,南亞,name,66,2022-04-11,[情報] 台塑/南亞/台化/台塑化 2022/03暨Q1自結,1,1,
1303,南亞,name,66,2022-07-06,[新聞] 《塑膠股》Q2營收恐不妙 南亞重摔苦貼息,1,1,
1303,南亞,name,66,2022-08-08,[情報] 台塑 台化 南亞公告7月合併營業額,1,1,
1303,南亞,name,66,2022-12-07,[情報] 台塑、南亞、台化、台塑化 2022/11自結,1,1,
1303,南亞,name,66,2023-05-31,[新聞] 南亞看好AI帶動電子材料需求增，持續擴充,1,1,
1303,南亞,name,66,2023-07-10,[情報] 台塑/南亞/台化/台塑化 2023/06暨Q2自結,1,1,
1303,南亞,name,66,2023-10-25,[新聞] 大同看準東南亞新能源商機 攜福華搶下印,0,0,
1308,亞聚,name,4,2021-05-05,[其他] 亞聚Q1 EPS 0.95,1,1,
1308,亞聚,name,4,2021-05-19,[新聞] 陸EVA新產能尚影響不大 亞聚：太陽能景,1,1,
1308,亞聚,name,4,2021-07-07,[情報] 亞聚 110年6月營收7.94億、年增75.88%,1,1,
1308,亞聚,name,4,2021-08-04,[情報] 亞聚 H1 2.54,1,1,
1521,大億,name,3,2019-10-08,[標的] 大億,1,1,
1521,大億,name,3,2023-12-04,[新聞] 【車燈龍頭爆家變】得罪日本大股東 大億,1,1,
1521,大億,name,3,2023-12-24,[新聞] 大億解任董座獨子董事職,1,1,
1533,車王電,name,3,2019-12-31,[新聞] 工研院攜手車王電　2020Q1推自駕電動巴士,1,1,
1533,車王電,name,3,2021-01-28,[標的] 車王電 多單爽賺,1,1,
1533,車王電,name,3,2023-03-09,[標的] 車電股比較!?飛鳥車用電子、車王電、帝寶、堤維西？,1,1,
1414,東和,name,2,2021-07-13,[請益] 東和鋼怎麼這麼軟?!,0,0,
1414,東和,name,2,2021-07-28,[請益] 今日FBX的美東和美西線,0,0,
1418,東華,name,1,2022-05-18,[新聞] 東華、倫飛、誠研 恢復普通交易,1,1,
1423,利華,name,2,2020-06-17,[請益] 美國圖利華爾街？,0,0,
1423,利華,name,2,2023-05-23,[新聞] 全友、國化、利華 擬賣地求榮 全友率先,1,1,
4536,拓凱,name,1,2023-06-20,[新聞] 拓凱前五月營收旺 20日法說會說明營運展,1,1,
6768,志強,name,1,2021-05-12,[新聞] 製鞋廠志強-KY首季財報三率三升 EPS 1.67,1,1,
2059,川湖,name,3,2023-07-19,[標的] 智原川湖宜特力致閎康晶呈,1,1,
2059,川湖,name,3,2023-08-07,[新聞] 《電零組》川湖新一代AI server市佔率衝5,1,1,
2059,川湖,name,3,2023-08-31,[新聞] 緯穎、宏碁資訊、川湖 ...億元大戶雷浩,1,1,
1503,士電,name,3,2021-10-01,[新聞] 士電大啖電動車商機 靠動力系統攻下國內,1,1,
1503,士電,name,3,2023-06-19,[新聞] 聯詠、士電 認購來電,1,1,
1503,士電,name,3,2023-08-11,[請益] 楠梓電代子公司決議出售滬士電15000仟股,0,0,
1506,正道,name,2,2022-04-10,[新聞] 台股擂台 郭哲榮本周布局東鹼、正道,1,1,
1506,正道,name,2,2023-02-07,[新聞] 〈正道展望〉拿下馬國車廠專案大單本季出,1,1,
1514,亞力,name,7,2020-06-08,[標的] 亞力,1,1,
1514,亞力,name,7,2021-12-08,[新聞] 雙引擎發威 亞力11月營收6.57億元 月增44,1,1,
1514,亞力,name,7,2022-06-08,[情報] 亞力 5月營收5.785億,1,1,
1514,亞力,name,7,2023-04-13,[新聞] 亞力 外資連敲創波段高,1,1,
1514,亞力,name,7,2023-06-21,[新聞] 亞力奪半導體廠設備大單 台電加碼下訂,1,1,
1514,亞力,name,7,2023-08-10,[新聞] 亞力上半年營收及獲利均改寫同期新高,1,1,
1514,亞力,name,7,2023-12-07,[新聞] 亞力：大單到手 放量攻高,1,1,
1515,力山,name,12,2019-09-27,[新聞] 出貨旺，喬山、力山8月營收搶眼,1,1,
1515,力山,name,12,2019-11-11,[新聞] 旺季到 喬山、力山勇健,1,1,
1515,力山,name,12,2019-12-13,[新聞] 紐時：中國債務壓力山大，企業違約者眾,0,0,
1515,力山,name,12,2020-06-04,[標的] 美國義士裝修美利堅概念股 -- 力山,1,1,
1515,力山,name,12,2020-08-06,[新聞] 壓力山大！彭博：中國人民銀行恐缺近15兆,0,0,
1515,力山,name,12,2020-09-02,[請益] 運動器材( 喬山 力山 岱宇),1,1,
1515,力山,name,12,2022-02-07,[新聞] 健身器材大廠(力山工業)遭控砍單欠款！,1,1,
1515,力山,name,12,2022-02-09,[新聞] 控力山器材大廠砍單欠款「神鬼都是他」,1,1,
1515,力山,name,12,2022-04-10,[新聞] 費半指數跌跌不休！ 台股本週壓力山大,0,0,
1515,力山,name,12,2022-06-02,[新聞] 《半導體》2點壓力山大 外資降聯詠評等、,0,0,
1515,力山,name,12,2022-07-13,[新聞] Peloton停止自製器材 台灣力山工業代工,1,1,
1515,力山,name,12,2022-09-28,[新聞] 國安基金操盤手壓力山大 阮清華靠這招紓,0,0,
1519,華城,name,17,2019-09-22,[新聞] 京華城四度標售 拚脫標,0,0,
1519,華城,name,17,2019-09-25,[新聞] 威京旗下中石化 372億標得京華城,0,0,
1519,華城,name,17,2019-09-26,[新聞] 京華城轉型商辦但市場存疑慮 中石化、中,0,0,
1519,華城,name,17,2020-06-22,[新聞] 京華城工地坍塌活埋工人　黃珊珊下令停工,0,0,
1519,華城,name,17,2020-08-24,[新聞] 三星華城晶圓工廠兩名員工確診：全球存儲,0,0,
1519,華城,name,17,2020-12-02,[新聞] MHI Vestas承租華城電機台中港廠區 再擴,1,1,
1519,華城,name,17,2021-07-05,[新聞] 三星華城V1生產線 部分5奈米代工良率低於,0,0,
1519,華城,name,17,2023-03-20,[新聞] 台電釋肥單 中興電、華城歡呼,1,1,
1519,華城,name,17,2023-04-10,[新聞] 〈華城專訪〉電動車充電樁傳捷報 獨吞頂,1,1,
1519,華城,name,17,2023-06-16,[新聞] 《熱門族群》中興電漲停、華城飆天價 重,1,1,
1519,華城,name,17,2023-07-12,[新聞]  華城90天股價漲逾182％　並列20檔上市櫃,1,1,
1519,華城,name,17,2023-07-17,[新聞] 華城攜手美商 合攻儲能,1,1,
1519,華城,name,17,2023-07-19,[新聞] 華城中興電 啖能源轉型題材,1,1,
1519,華城,name,17,2023-11-07,[新聞] 焦點股》華城：訂單滿手 股價重回攻勢,1,1,
1519,華城,name,17,2023-11-08,[新聞] 華城:公告本公司112年第3季合併財務報告,1,1,
1519,華城,name,17,2023-12-07,[請益] 如何才能發掘到像華城這種股票呢？,1,1,
1519,華城,name,17,2023-12-12,[新聞] 華城法說會外銷暢旺 明年業績拚雙位,1,1,
1603,華電,name,8,2019-04-02,[新聞] 華電財報難產 竟然是因為這個...,1,1,不確定是不是 1603 華電
1603,華電,name,8,2020-07-29,[新聞] 聯華電子公佈 2020 年第二季財務報告,0,0,
1603,華電,name,8,2020-09-12,[新聞] 奢華電動車Lucid Air 正式發表,0,0,
1603,華電,name,8,2020-11-03,Fw: [新聞] 血汗耀華電子 上班連12小時,0,0,
1603,華電,name,8,2020-11-16,[新聞] 去大同化的福華電子 加速活化土地資產,0,0,
1603,華電,name,8,2021-09-15,[新聞] 搶先看！鴻華電動車「入港」 黑色系FOXTR,0,0,
1603,華電,name,8,2023-03-19,[標的] 華電 電網強韌計畫,1,1,
1603,華電,name,8,2023-04-26,[情報] 聯華電子公佈2023年第一季財務報告,0,0,
1611,中電,name,2,2020-04-13,[新聞] 大陸面板廠掀整併潮 中電熊貓求售,0,0,
1611,中電,name,2,2023-03-26,[新聞] 熬不住了　中電熊貓傳停產,0,0,
1612,宏泰,name,5,2022-03-27,[新聞] 宏泰去年獲利大爆發 稅後純益26.9億元、,0,0,可能是宏泰人壽或宏泰集團
1612,宏泰,name,5,2022-09-01,[新聞] 三商、宏泰、南山人壽踩監理紅線,0,0,
1612,宏泰,name,5,2022-09-20,[新聞] 台電電網強化商機，法人點名宏泰唯一獲台灣高壓防鼠蟻電纜認證廠,1,1,
1612,宏泰,name,5,2023-08-10,[情報] 宏泰112年第二季財報 H1:1.05,1,1,
1612,宏泰,name,5,2023-09-01,[新聞] 3壽險財務拉警報！　三商美邦、宏泰人壽,0,0,
1713,國化,name,5,2019-04-10,[新聞] 李克強訪歐讓步 歐盟「美國化」,0,0,
1713,國化,name,5,2021-10-07,[新聞] 出貨升溫 中華化、國化營運推進,1,1,
1713,國化,name,5,2022-01-02,[新聞] 中國化工大省調電費 尖峰最高漲70%,0,0,
1713,國化,name,5,2022-06-15,[新聞] 美國化工業呼籲正視塑化技術對節能技術,0,0,
1713,國化,name,5,2023-05-23,[新聞] 全友、國化、利華 擬賣地求榮 全友率先,1,1,
1721,三晃,name,5,2021-10-14,[新聞] 十大週轉率 中華化(94%)永光(57%)三晃(35,1,1,
1721,三晃,name,5,2021-10-18,[情報] 三晃 8月營收 -0.13,1,1,
1721,三晃,name,5,2021-11-10,[標的] 三晃-太強 不晃會被撞到地上,1,1,
1721,三晃,name,5,2021-12-17,[情報] 三晃董事會決議註銷庫藏股減資2.18%，基,1,1,
1721,三晃,name,5,2021-12-22,[新聞] 中華化、三晃飆漲停 化工股使勁催油門,1,1,
1806,冠軍,name,51,2019-06-02,Fw: [花邊] 少詹皇差很大? 全美總冠軍賽收視率十年新低,0,0,
1806,冠軍,name,51,2019-06-06,[新聞] 法興大空頭：我沒獲選為冠軍顧問 就是牛,0,0,
1806,冠軍,name,51,2020-02-02,[新聞] 【台股擂台】周冠軍郭哲榮 看好廣穎、創,0,0,
1806,冠軍,name,51,2020-03-29,[新聞] 台股擂台 Q1冠軍 許豐祿贏大盤,0,0,
1806,冠軍,name,51,2020-08-14,[標的] 發掘隱形冠軍：慶生(6210)PCB股中的毛利,0,0,
1806,冠軍,name,51,2020-08-19,[其他]興櫃的隱藏冠軍???,0,0,
1806,冠軍,name,51,2020-11-17,[新聞] 富岳蟬聯超級電腦冠軍 計算速度是第2名3,0,0,
1806,冠軍,name,51,2020-11-26,[新聞] 富邦金獲利金控冠軍　每股稅後盈餘達7元,0,0,
1806,冠軍,name,51,2021-01-04,[新聞] 擂台季冠軍 許豐祿賺1.1倍,0,0,
1806,冠軍,name,51,2021-03-31,[新聞] 第1季十大爆紅台股榜 冠軍不是台積電而是,0,0,
1806,冠軍,name,51,2021-05-02,[新聞] 【台股擂台】周冠軍「華爾街大亨」郭哲榮,0,0,
1806,冠軍,name,51,2021-05-06,[新聞] 前國安局上校劉冠軍　用500萬贓款買100張,0,0,
1806,冠軍,name,51,2021-05-30,一周熱門零股／長榮犀利 躍交投冠軍,0,0,
1806,冠軍,name,51,2021-07-04,Re: [討論] NBA總冠軍與經濟景氣的關係,0,0,
1806,冠軍,name,51,2021-08-01,[新聞] 金牌概念股？這幾檔股票逗趣諧音「戴資穎冠軍」,0,0,
1806,冠軍,name,51,2021-08-08,[新聞] 周冠軍郭哲榮 本周看好菱生、萬海,0,0,
1806,冠軍,name,51,2021-08-22,[新聞] 周冠軍 華爾街郭哲榮 本周看好新興、慧洋,0,0,
1806,冠軍,name,51,2021-09-04,[新聞]台股擂台周冠軍 陳立委 本周選台塑化 亞泥,0,0,
1806,冠軍,name,51,2021-10-03,[新聞] Q3擂台冠軍 劉良梅賺7%,0,0,
1806,冠軍,name,51,2021-11-16,[新聞] 劉冠軍盜國安秘帳買百張台積電 500萬變1.,0,0,
1806,冠軍,name,51,2021-11-21,[標的] 3455 由田 市佔全球第一隱形冠軍 多,0,0,
1806,冠軍,name,51,2021-12-01,[標的] 2891.TW 冠軍多,0,0,
1806,冠軍,name,51,2021-12-01,[標的] 2891 中信金 兄弟冠軍多,0,0,
1806,冠軍,name,51,2021-12-21,[新聞] 真的撐不住了！磁磚大廠冠軍宣布：明年,1,1,
1806,冠軍,name,51,2022-01-03,[標的] 5457宣德 立訊受惠股 業績成長隱形冠軍,0,0,
1806,冠軍,name,51,2023-01-09,[新聞] 一表看元月除息ETF 冠軍超越0050 殖利率飆破10％!,0,0,
1806,冠軍,name,51,2023-05-30,[新聞] 鴻海成外資買超冠軍 00882反而外資連10賣,0,0,
1806,冠軍,name,51,2023-06-09,[新聞] 00929掛牌爆12萬張巨量 奪ETF交投冠軍,0,0,
1806,冠軍,name,51,2023-06-13,[新聞] 台達電躍AI伺服器隱形冠軍　海英俊：急單,0,0,
1806,冠軍,name,51,2023-11-12,[標的] 1201 味全 冠軍多,0,0,
1810,和成,name,9,2019-04-12,[新聞] 會做馬桶更會做外掛複合裝甲 和成公司獲,1,1,
1810,和成,name,9,2019-06-01,[新聞] 全球經濟溫和成長 拉回即買點,0,0,
1810,和成,name,9,2021-07-13,[請益] 為何成本和成交價格有落差,0,0,
1810,和成,name,9,2022-11-25,[新聞] 防彈陶瓷這麼猛？和成六天股價飆漲六成,1,1,
1810,和成,name,9,2023-02-24,[新聞] 央行:今年經濟溫和成長 CPI年增降至約2％,0,0,
1810,和成,name,9,2023-04-17,[新聞] 和成軍工題材加持 連拉3根漲停創24年來新,1,1,
1810,和成,name,9,2023-11-13,[心得] 投資股票看月KD和成交量是很重要的,0,0,
1810,和成,name,9,2023-11-15,Re: [心得] 投資股票看月KD和成交量是不重要的,0,0,
1810,和成,name,9,2023-12-20,[新聞] 友達彭双浪：面板已觸底 明年可望溫和成,0,0,
1909,榮成,name,15,2019-03-05,[新聞] 淡季效應 榮成2月稅前每股小虧0.01元,1,1,
1909,榮成,name,15,2020-02-26,[新聞] 新冠肺炎疫情帶動宅經濟，激勵正隆、榮成,1,1,
1909,榮成,name,15,2020-02-26,[新聞] 造紙漲聲響起 榮成寶隆盤中漲停,1,1,
1909,榮成,name,15,2020-03-12,[新聞]《2月營收》工紙漲價多年增，榮成延遲復,1,1,
1909,榮成,name,15,2020-08-26,[新聞]《造紙股》榮成兩岸產能全開 H2苦盡甘來,1,1,
1909,榮成,name,15,2020-08-26,[新聞] 營運苦盡甘來 榮成、寶隆同歡,1,1,
1909,榮成,name,15,2020-12-11,[新聞] 工紙需求大 永豐餘、榮成翻身,1,1,
1909,榮成,name,15,2021-04-29,[請益] 榮成怎麼了？？,1,1,
1909,榮成,name,15,2021-06-23,[新聞] 工紙再喊漲 正隆、榮成樂翻,1,1,
1909,榮成,name,15,2021-07-05,[新聞] 7月二林廠上線 榮成看好下半年成長動能,1,1,
1909,榮成,name,15,2021-07-07,[標的] 榮成 寶隆 造紙龍多,1,1,
1909,榮成,name,15,2021-11-06,[新聞] 「神之手」現身 長榮成交量18萬8888張,0,0,
1909,榮成,name,15,2022-01-05,[情報] 榮成110年12月及1-12月累計合併自結損益,1,1,
1909,榮成,name,15,2022-02-15,[新聞] 紙業大廠榮成二林廠竄無名火！燃燒面積?-,1,1,
1909,榮成,name,15,2022-02-18,[新聞] 施振榮成NFT創作者新推手！推動台灣NFT,0,0,
6790,永豐實,name,5,2020-10-27,[新聞] 集團小金雞！永豐實登興櫃首日 股價一度,1,1,
6790,永豐實,name,5,2021-04-29,[新聞] 永豐實挾市值最大民生消費股之勢 送件申,1,1,
6790,永豐實,name,5,2023-06-28,[新聞] 永豐實股東會通過配息2.3元 擬砸10億元,1,1,
6790,永豐實,name,5,2023-08-03,[新聞] 好市多衛生紙喊降價 永豐實、正隆備戰,1,1,
6790,永豐實,name,5,2023-11-27,[新聞] 永豐實Q4營收拚高，今明2年獲利動能強,1,1,
2002,中鋼,code,86,2019-03-25,[其他] 2002 中鋼 股利 1元現金,1,1,
2002,中鋼,code,86,2019-11-20,[標的] 中鋼特2002A發生什麼事了？,0,0,中鋼特別股 2002A
2002,中鋼,code,86,2020-03-11,[新聞] 中鋼(2002)2月營收260.61億 年增-4.23%,1,1,
2002,中鋼,code,86,2021-04-21,[標的] 中鋼2002看多,1,1,
2002,中鋼,code,86,2021-05-06,[標的] 中鋼2002 大媽空,1,1,
2002,中鋼,code,86,2021-05-07,[標的] 中鋼 2002,1,1,
2002,中鋼,code,86,2021-05-08,[標的] 2002.TW 中鋼 佛系加碼多,1,1,
2002,中鋼,code,86,2021-06-09,[標的]2002.TW 中鋼 請益,1,1,
2002,中鋼,code,86,2021-06-19,[標的]2002.TW絕望空,1,1,
2002,中鋼,code,86,2021-06-21,[標的] 2002.TW 中鋼 多,1,1,
2002,中鋼,code,86,2021-07-13,[標的] 2002中鋼 含淚不離不棄加碼多,1,1,
2002,中鋼,code,86,2021-07-14,[標的] 2002 中鋼,1,1,
2002,中鋼,code,86,2021-07-29,[標的] 2002.TW 中鋼 長期持有多,1,1,
2002,中鋼,code,86,2021-08-02,[標的]  2002.tw 中鋼 長多,1,1,
2002,中鋼,code,86,2021-10-05,[標的] 2002 中鋼 空,1,1,
2002,中鋼,code,86,2022-02-25,[情報] 2002中鋼 股利 3.1元,1,1,
2002,中鋼,code,86,2022-02-26,[標的] 2002.TW 中鋼 讓利 解套 春燕多,1,1,
2002,中鋼,code,86,2022-03-21,[情報] 2002中鋼 2月營收 稅前盈餘,1,1,
2002,中鋼,code,86,2022-04-02,[標的] 2002中鋼 空,1,1,
2002,中鋼,code,86,2022-04-11,[情報] 2002 中鋼3月營收 月增24% 年增12%,1,1,
2002,中鋼,code,86,2022-04-29,[情報] 2002 中鋼 澄清媒體報導(早就繳完惹,1,1,
2002,中鋼,code,86,2022-06-10,"[情報] 2002中鋼5月營收-4.3%MOM, +9.5%YOY",1,1,
2002,中鋼,code,86,2022-07-08,[新聞] 歐元兌美元 跌至2002年12月以來新低,0,0,
2002,中鋼,code,86,2022-07-11,[情報] 2002中鋼六月營收 YoY+15.25% MoM+2.9%,1,1,
2002,中鋼,code,86,2022-08-10,"[情報] 2002中鋼 7月營收 -12.5%mom,-6.5%yoy",1,1,
2002,中鋼,code,86,2022-09-19,[情報] 2002中鋼8月自結盈餘,1,1,
2002,中鋼,code,86,2023-03-23,[情報] 2002中鋼 2月稅前0.00439......,1,1,
2002,中鋼,code,86,2023-04-24,[情報] 2002 中鋼 3月自結稅前約9.48億,1,1,
2002,中鋼,code,86,2023-05-05,[情報] 2002中鋼Q1 EPS -0.05,1,1,
2002,中鋼,code,86,2023-09-13,[新聞] 2002 中鋼 8月營收 MOM+8.2% YOY-15.8%,1,1,
2006,東和鋼鐵,code,21,2019-06-18,[公告] for767 pinraychen ptolemy2006 警告一次,0,0,
2006,東和鋼鐵,code,21,2019-07-29,[公告] fddr shrjie945 ad2006 d995511 警告一次,0,0,
2006,東和鋼鐵,code,21,2019-08-07,[標的] 2006 東和鋼鐵 空,1,1,
2006,東和鋼鐵,code,21,2020-01-30,[公告] LOVE2006 yangjang 水桶一週,0,0,
2006,東和鋼鐵,code,21,2020-03-23,[公告] kusomanfcu joke5566 LOVE2006 水桶一個月,0,0,
2006,東和鋼鐵,code,21,2020-05-09,[公告] silosilo ake1lnzy2006 iami1002 水桶,0,0,
2006,東和鋼鐵,code,21,2020-09-22,[標的] 2006 東和鋼鐵,1,1,
2006,東和鋼鐵,code,21,2021-02-18,[標的] 2006 東和鋼鐵 多,1,1,
2006,東和鋼鐵,code,21,2021-03-23,[其他] 2006東和鋼鐵 開獎,1,1,
2006,東和鋼鐵,code,21,2021-04-12,[其他] 2006 東和鋼鐵 公布三月自結營收,1,1,
2006,東和鋼鐵,code,21,2021-04-17,[標的] 2006 東和鋼鐵 鐵定多,1,1,
2006,東和鋼鐵,code,21,2021-04-22,[標的] 2002 中鋼 2006 東和鋼鐵 多,1,1,
2006,東和鋼鐵,code,21,2021-09-03,[標的] 2006.TW 東和鋼鐵 空,1,1,
2006,東和鋼鐵,code,21,2021-09-08,[情報] 2006 東鋼8月營收,1,1,
2006,東和鋼鐵,code,21,2021-12-21,[標的] 2006 東和鋼鐵 投信結帳空,1,1,
2006,東和鋼鐵,code,21,2022-01-11,[標的] 2006.TW 東和鋼鐵 多,1,1,
2006,東和鋼鐵,code,21,2022-04-02,[標的] 2006.TW 東和鋼鐵 庫存多,1,1,
2006,東和鋼鐵,code,21,2022-04-08,[情報] 2006 東和鋼鐵  3月營收,1,1,
2006,東和鋼鐵,code,21,2022-05-10,[情報] 2006東和鋼鐵 4月營收,1,1,
2006,東和鋼鐵,code,21,2022-12-12,[標的] 2006東和鋼鐵 跟著房市空,1,1,
2006,東和鋼鐵,code,21,2023-06-23,[標的] 2006東和鋼鐵 借我躲一下多,1,1,
2007,燁興,code,9,2019-08-31,Re: [新聞] 大事不妙？野村：現在標普走勢像極2007年,0,0,
2007,燁興,code,9,2021-09-04,[新聞] 外資買超系「金」耶》台新金2007年１月以,0,0,
2007,燁興,code,9,2021-09-04,[標的]  2007 燁興 不鏽鋼門多,1,1,
2007,燁興,code,9,2021-09-05,Re: [標的]  2007.TW 燁興 不鏽鋼門多,1,1,
2007,燁興,code,9,2021-09-07,[新聞] 策略師：美股現況與1929、1999、2007年,0,0,
2007,燁興,code,9,2021-09-09,[情報] 2007 燁興 八月營收,1,1,
2007,燁興,code,9,2022-06-16,[新聞] 瑞士央行意外升息2碼 2007年來首次升息,0,0,
2007,燁興,code,9,2022-07-13,[新聞] 衰退警報震耳 美債殖利率倒掛加深 2007年,0,0,
2007,燁興,code,9,2023-02-21,[新聞] 大摩：美股比2007年以來的任何時候都要貴,0,0,
2008,高興昌,code,50,2019-05-04,[請益] 如何尋找2008-2010三大法人買賣超資料,0,0,
2008,高興昌,code,50,2019-06-20,[公告] justin037666 sony2008 peter080808 水桶一週,0,0,
2008,高興昌,code,50,2019-11-03,[公告] cute320518 jjjjjjs sony2008 水桶,0,0,
2008,高興昌,code,50,2020-01-31,[其他] 2008金融海嘯原因為何?,0,0,
2008,高興昌,code,50,2020-03-11,[新聞] ECB拉加德示警：歐洲恐面臨類似2008年,0,0,
2008,高興昌,code,50,2020-03-13,[請益]  2008年時都沒人鼓吹危機入市嗎？,0,0,
2008,高興昌,code,50,2020-03-17,[新聞] 國泰金：體質勇健勝2008年，可應變市場波,0,0,
2008,高興昌,code,50,2020-03-19,[請益] 這次美國會發生2008年的房地產危機嗎?,0,0,
2008,高興昌,code,50,2020-03-19,[心得] 憶2008年畢業典禮,0,0,
2008,高興昌,code,50,2020-03-19,Re: [心得] 稻香 - 2008金融海嘯出的歌,0,0,
2008,高興昌,code,50,2020-03-19,[請益] 這次的泡沫有比2008大顆嗎?,0,0,
2008,高興昌,code,50,2020-03-26,[新聞] 柏南奇：現在不是2008或1930大蕭條！經,0,0,
2008,高興昌,code,50,2020-03-28,[心得] 2008年道瓊崩盤年也曾發生過2次20%以上,0,0,
2008,高興昌,code,50,2020-03-29,[請益] 為什麼美國到2008年才想到QE這樣的政策？,0,0,
2008,高興昌,code,50,2020-03-31,"[新聞] 台股收季線估大跌2,200點 恐創2008年",0,0,
2008,高興昌,code,50,2021-06-30,[情報] 2008高興昌五月自結EPS 0.03,1,1,
2008,高興昌,code,50,2021-09-11,[心得] 回朔2008年之前的資料是不是意義不大,0,0,
2008,高興昌,code,50,2021-09-23,Re: [請益] 2008雷曼兄弟到底有多慘?,0,0,
2008,高興昌,code,50,2022-03-30,[新聞] 美房市脫離基本面 重現2008年金融海嘯泡,0,0,
2008,高興昌,code,50,2022-05-23,Re: [請益] 為什麼每次有感下跌時2008就會被再度提出,0,0,
2008,高興昌,code,50,2022-06-13,[請益] 2008 年台灣有上市公司倒閉的嗎,0,0,
2008,高興昌,code,50,2022-06-17,[新聞] 美國房貸利率升至2008年以來最高水準 創3,0,0,
2008,高興昌,code,50,2022-09-16,[新聞] 美國本周房貸利率升破6% 創2008年金融危機以來新高,0,0,
2008,高興昌,code,50,2022-09-29,[請益] 如何才能創造2008大跌盛況,0,0,
2008,高興昌,code,50,2022-10-11,"[標的] 納斯達克, 費半 以2008股災預測走勢",0,0,
2008,高興昌,code,50,2022-10-16,[心得] 這次比2008年嚴重多了吧,0,0,
2008,高興昌,code,50,2022-10-20,[新聞] 美房貸利率飆 專家：CRT瀉 如憂2008年風,0,0,
2008,高興昌,code,50,2022-10-24,Re: [請益] 這次真的比 2008 還慘吧,0,0,
2008,高興昌,code,50,2022-12-31,[新聞] 美股收黑結束2022年 自2008年以來最糟糕,0,0,
2008,高興昌,code,50,2023-05-18,[請益] 重現2008年大跌的可能性,0,0,
2009,第一銅,code,27,2019-05-28,[標的] 2009 第一銅,1,1,
2009,第一銅,code,27,2019-06-07,[請益] 大家有經歷過2009金融海嘯嗎??,0,0,
2009,第一銅,code,27,2019-12-27,[新聞] 2009年來首見、日本粗鋼產量恐跌破1億噸,0,0,
2009,第一銅,code,27,2020-02-18,[新聞] 日本鋼材訂單量連3年萎縮、創2009年來新低；鋼鐵廠挫,0,0,
2009,第一銅,code,27,2020-03-04,[心得]2009初發 H1N1 VS新冠肺炎,0,0,
2009,第一銅,code,27,2020-04-03,[請益]  美國大盤會不會複製2009～2013走勢,0,0,
2009,第一銅,code,27,2020-05-28,[新聞] 企業破產潮席捲！美國5月破產申請創2009,0,0,
2009,第一銅,code,27,2021-02-18,[標的] 2009第一銅 多,1,1,
2009,第一銅,code,27,2021-04-17,[標的] 第一銅2009(做多),1,1,
2009,第一銅,code,27,2021-04-27,[請益] 2009 第一銅 做多還做空,1,1,
2009,第一銅,code,27,2021-05-06,[標的] 2009第一銅  淡定多,1,1,
2009,第一銅,code,27,2021-05-14,[情報] 第一銅 2009 四月自結eps 0.12,1,1,
2009,第一銅,code,27,2021-05-30,[標的] 2009第一銅周一當沖空必勝？,1,1,
2009,第一銅,code,27,2021-06-18,Re: [標的] 2009.TW 第一銅  不要怕嘎空,1,1,
2009,第一銅,code,27,2021-06-19,[標的] 2009 第一銅 史詩空,1,1,
2009,第一銅,code,27,2021-06-22,[標的] 2009 第一銅 死錢空,1,1,
2009,第一銅,code,27,2021-07-14,[分享] 2009 第一銅,1,1,
2009,第一銅,code,27,2021-07-25,[標的] 2009.TW 第一銅 羨煞銅人多,1,1,
2009,第一銅,code,27,2021-09-06,[標的] 第一銅2009 尬空多,1,1,
2009,第一銅,code,27,2021-09-06,[情報] 2009第一銅 8月營收,1,1,
2009,第一銅,code,27,2022-05-06,[新聞] 美國30年期房貸利率攀升至2009年以來新高,0,0,
2009,第一銅,code,27,2022-05-09,[情報] 2009 第一銅 Q1 EPS0.02,1,1,
2009,第一銅,code,27,2022-11-07,[標的] 第一銅2009嘎空多,1,1,
2009,第一銅,code,27,2022-11-07,[情報] 2009第一銅 Q3 0.49業外賺爛,1,1,
2009,第一銅,code,27,2022-12-26,[新聞] 阮清華：這次經濟比2009年更嚴重 國安基,0,0,
2009,第一銅,code,27,2023-07-28,[標的] 2009.TW 第一銅,1,1,
2009,第一銅,code,27,2023-08-03,[標的] 9927泰銘/2009第一銅，超倒空,1,1,
2010,春源,code,13,2019-05-04,[請益] 如何尋找2008-2010三大法人買賣超資料,0,0,
2010,春源,code,13,2019-06-26,[公告] a11780922 STAV72 komica gemini2010水桶,0,0,
2010,春源,code,13,2019-09-21,[公告] s9980608 pps2010 c1951 tipsofwarren水,0,0,
2010,春源,code,13,2019-12-30,[新聞] 中國地方政府負債累累，滬深2010年代表現,0,0,
2010,春源,code,13,2020-03-03,[新聞] 路透：華為從2010年就大量運送美國電腦設,0,0,
2010,春源,code,13,2020-05-03,[心得] 遠見2010 A+ 69強如今安在哉?,0,0,
2010,春源,code,13,2020-09-13,[標的] 2010春源 短多,1,1,
2010,春源,code,13,2021-01-27,[心得] 0050 十年再投入(2010~2020),0,0,
2010,春源,code,13,2021-05-02,[標的] 2010春源鋼鐵 小將強力多多多,1,1,
2010,春源,code,13,2022-03-26,[請益] 2000-2010美股是發生什麼事,0,0,
2010,春源,code,13,2023-05-22,[新聞] 前4月外銷訂單年減逾2成 創2010年同期來,0,0,
2010,春源,code,13,2023-08-23,[新聞] 美7月成屋銷售創2010年來同期新低 庫存創24年同期低點,0,0,
2010,春源,code,13,2023-10-29,[新聞] 2010永和 中正橋委外包商凸槌 上百車毀容,0,0,
2012,春雨,code,3,2019-07-17,Re: [新聞] WTO裁決：美國2012年對中國課反補貼關稅,0,0,
2012,春雨,code,3,2021-07-07,[標的] 春雨 2012 多,1,1,
2012,春雨,code,3,2023-05-29,[公告] wenfang2012 自刪標的文,0,0,
2013,中鋼構,code,8,2019-05-21,[其他] 據說Apple在2013年時要以$240收購Tesla,0,0,
2013,中鋼構,code,8,2020-03-10,[新聞] 美股暴殺2013點 鄉民看好戲：巴菲特在想,0,0,
2013,中鋼構,code,8,2020-04-03,[請益]  美國大盤會不會複製2009～2013走勢,0,0,
2013,中鋼構,code,8,2020-10-28,[標的] 2013 中鋼構 多,1,1,
2013,中鋼構,code,8,2021-04-09,[標的] 2013 多,1,1,
2013,中鋼構,code,8,2021-07-01,[標的] 2013 中鋼構 多 中鋼GOGOGO,1,1,
2013,中鋼構,code,8,2021-08-30,[標的] 2013.TW 中鋼構 大戶集中托高 多,1,1,
2013,中鋼構,code,8,2021-08-31,[心得] 2013放話收QE到2014結束QE的台灣加權指數,0,0,
2014,中鴻,code,44,2019-04-22,Re: [標的] 2014 中鴻 先上車再說@12.1*2,1,1,
2014,中鴻,code,44,2019-05-02,Re: [標的] 2014 中鴻 Q1 EPS 0.05,1,1,
2014,中鴻,code,44,2019-05-06,Re: [標的] 2014 中鴻 提醒各位嚴守停損位,1,1,
2014,中鴻,code,44,2019-08-17,Re: [標的] 2014 中鴻 後續追蹤與請益,1,1,
2014,中鴻,code,44,2019-11-13,[公告] abby2014 lnspnight91 coffee771 警告一次,0,0,
2014,中鴻,code,44,2021-04-19,[心得] 1314 2014一生一世 愛妳一世,0,0,
2014,中鴻,code,44,2021-05-03,[其他] 中鴻(2014)第一季財報,1,1,
2014,中鴻,code,44,2021-05-08,[標的] 中鴻2014是不是過熱了,1,1,
2014,中鴻,code,44,2021-05-11,Re: [情報] 2014 中鴻 四月自結EPS 0.4,1,1,
2014,中鴻,code,44,2021-07-07,[標的] 中鴻 2014 支撐可能多,1,1,
2014,中鴻,code,44,2021-07-09,[請益] 2014 2002 是否要停損中鋼中鴻？,1,1,
2014,中鴻,code,44,2021-07-09,[情報] 2014 中鴻 6月營收48.34E,1,1,
2014,中鴻,code,44,2021-08-31,[心得] 2013放話收QE到2014結束QE的台灣加權指數,0,0,
2014,中鴻,code,44,2021-10-05,[新聞] 油價猛漲至2014年來高位 彭博大宗商品,0,0,
2014,中鴻,code,44,2021-11-11,[新聞] Rivian上市交易創2014年以來美國IPO規模,0,0,
2014,中鴻,code,44,2021-12-09,[情報] 2014中鴻 11月營收,1,1,
2014,中鴻,code,44,2022-01-08,[情報] 2014中鴻 12月營收,1,1,
2014,中鴻,code,44,2022-01-19,[新聞] 阿布達比石油設施遭攻擊 原油收登2014年來最高點,0,0,
2014,中鴻,code,44,2022-02-24,[情報] 2014中鴻 110年 EPS 4.42 股利2.8,1,1,
2014,中鴻,code,44,2022-04-08,[情報] 2014中鴻 3月營收,1,1,
2014,中鴻,code,44,2022-04-18,[新聞] 立委:金管會2014放寬外資出報告買賣條件,0,0,
2014,中鴻,code,44,2022-05-05,[情報] 2014中鴻第一季EPS 0.35,1,1,
2014,中鴻,code,44,2022-07-08,[情報] 2014 中鴻 六月營收 月減年減,1,1,
2014,中鴻,code,44,2022-07-12,[標的] 2014 中鴻 利空出盡 凱基台北多,1,1,
2014,中鴻,code,44,2022-08-09,[情報] 2014中鴻7月營收 mom-37.9% you-44.4%,1,1,
2014,中鴻,code,44,2022-11-03,[情報] 2014中鴻 Q3 EPS -0.78,1,1,
2014,中鴻,code,44,2022-11-09,[請益] 板上有沒有2014以前做指數投資的前輩？,0,0,
2014,中鴻,code,44,2023-02-23,[情報] 2014中鴻 股利0.35元,1,1,
2014,中鴻,code,44,2023-05-04,[情報] 2014 中鴻 112年Q1:0.28,1,1,
2014,中鴻,code,44,2023-11-28,[標的] 2014中鴻 短中多,1,1,
2015,豐興,code,13,2019-09-20,[新聞] 前證監會主席：2015年股災非境外勢力操縱,0,0,
2015,豐興,code,13,2019-11-03,[標的] 2015 豐興 多,1,1,
2015,豐興,code,13,2019-11-24,[公告] zaqqaz Reewalker jim2015 水桶,0,0,
2015,豐興,code,13,2020-03-12,[新聞] 台股禁空令準備好了！網回顧2015年悲劇：,0,0,
2015,豐興,code,13,2020-04-08,[心得] 這波和2015年股災真像,0,0,
2015,豐興,code,13,2021-05-11,[請益] 2015年8月24日崩盤,0,0,
2015,豐興,code,13,2021-06-04,[心得] 2004~2015各月上市公司盤後資料統整,0,0,
2015,豐興,code,13,2021-07-27,[心得] 台股這波和2015年相似之處,0,0,
2015,豐興,code,13,2021-09-06,[情報] 2015豐興8月份合併自結損益(鋼鐵第一炮),1,1,
2015,豐興,code,13,2021-09-21,[心得]  回顧2015年 歷史總是那麼相似,0,0,
2015,豐興,code,13,2022-01-15,[心得] 2015~2018 美國升息產業ETF報酬變化,0,0,
2015,豐興,code,13,2022-02-23,[標的] 2015 豐興 跟著法人多,1,1,
2015,豐興,code,13,2023-05-28,[請益] 2015 年發生什麼大事持續影響至今？,0,0,
6869,雲豹能源,name,21,2022-01-17,[新聞] 雲豹能源19日於興櫃掛牌　參考價每股70元,1,1,
6869,雲豹能源,name,21,2022-01-19,[新聞] 雲豹能源 今每股70元登興櫃,1,1,
6869,雲豹能源,name,21,2022-01-19,[新聞] 雲豹能源登興櫃 和益持股9% 收益可期,1,1,
6869,雲豹能源,name,21,2022-01-19,[新聞] 雲豹能源人氣夯 興櫃首日交易量破紀錄,1,1,
6869,雲豹能源,name,21,2022-06-15,[新聞] 雲豹能源卡位風力商機 通過環保署初審審,1,1,
6869,雲豹能源,name,21,2022-06-29,[新聞] 雲豹能源股東會聚焦5大獲利引擎！,1,1,
6869,雲豹能源,name,21,2022-07-19,[新聞] 雲豹能源將提供美光科技「5億度綠電」！,1,1,
6869,雲豹能源,name,21,2022-08-04,[新聞] 雲豹能源宣布啟動「徵才列車」擬增額、擴,1,1,
6869,雲豹能源,name,21,2022-09-08,[新聞] 營收衝新高！雲豹能源子公司台普威建置台,1,1,
6869,雲豹能源,name,21,2022-10-06,[新聞] 雲豹能源擴大「離岸風電台灣隊」攜6大在,1,1,
6869,雲豹能源,name,21,2022-11-08,[新聞] Howard加盟T1 雲豹能源漲近7％、永豐金漲,1,1,
6869,雲豹能源,name,21,2022-11-15,[新聞] 雲豹能源送件申請台灣創新板 成今年第三,1,1,
6869,雲豹能源,name,21,2022-11-20,[新聞] 選前台南狂轟88槍！網曝「雲豹能源千萬,1,1,
6869,雲豹能源,name,21,2022-11-24,[新聞] 國際大咖降臨 雲豹能源為何有實力簽下魔,1,1,
6869,雲豹能源,name,21,2023-03-14,[新聞] 「魔獸」現身敲鐘 雲豹能源上市漲逾7%,1,1,
6869,雲豹能源,name,21,2023-06-01,[新聞] 雲豹能源股東會通過配發2.06元現金股利,1,1,
6869,雲豹能源,name,21,2023-08-11,Re: [新聞] 富人竟喝髒水！雲豹能源3招部署「淨水商,1,1,
6869,雲豹能源,name,21,2023-08-11,[情報] 雲豹能源112年第二季財報 H1:3.55,1,1,
6869,雲豹能源,name,21,2023-08-21,[情報] 雲豹能源 變更 董事長 獨立董事,1,1,
6869,雲豹能源,name,21,2023-09-11,[情報] 雲豹能源8月營收 月增181.50%年增163.51%,1,1,
6869,雲豹能源,name,21,2023-11-08,[情報] 雲豹能源112年第三季財報 前三季EPS:7.66,1,1,
6873,泓德能源,name,1,2023-03-07,[新聞] 領頭羊！證交所力推創新板　泓德能源成「,1,1,
6923,中台,name,5,2019-06-02,[新聞] 挺華為恐變不挺！老美戳中台積電3大要害,0,0,
6923,中台,name,5,2020-03-30,[新聞] 砸3億進場買進 龍巖 相中台積電,0,0,
6923,中台,name,5,2020-12-29,[新聞] 越南和瑞士被美國列為匯率操縱國、中台日,0,0,
6923,中台,name,5,2022-05-04,[發錢] 抽中台灣精銳4583,0,0,
6923,中台,name,5,2023-03-30,[新聞] 綠色經濟的最佳夥伴！中台資源科技致力發,1,1,
2101,南港,name,19,2019-03-04,[新聞] 南港2館今啟用　首迎工具機展規模站穩全,0,0,
2101,南港,name,19,2019-10-23,[新聞] 高鐵東延估花955億 南港到宜蘭13分鐘,0,0,
2101,南港,name,19,2019-12-06,"[新聞] 南港大股東買下世界明珠30戶,每坪115萬元",1,1,南港輪胎大股東？不確定
2101,南港,name,19,2020-01-05,[新聞] 肥貓董座爆擺爛！台肥南港「損失數億」,0,0,
2101,南港,name,19,2020-03-10,[新聞] 台肥出售南港土地，貢獻稅前EPS近1元,0,0,
2101,南港,name,19,2020-04-10,[新聞] 國揚主導「大南港」案土地 將委由普華國,0,0,
2101,南港,name,19,2020-05-07,[新聞] 富邦人壽奪大南港案 豪砸282.87億元得標,0,0,
2101,南港,name,19,2020-06-28,[新聞] 賣方算很精 大南港案完成點交史上最快,0,0,
2101,南港,name,19,2020-07-02,[新聞] 國揚售大南港案獲利估約55億元 將用於發,0,0,
2101,南港,name,19,2020-08-02,[新聞] 南港輪胎新豐廠惡夜大火 濃煙火光直衝天,1,1,
2101,南港,name,19,2020-10-20,[新聞] 新光人壽取得臺北市南港轉運站興建營運?1,0,0,
2101,南港,name,19,2021-04-05,[新聞] 美反傾銷調查終判前夕 南港台灣廠輪胎停,1,1,
2101,南港,name,19,2021-05-06,[新聞] 泰豐經營權之爭開打 南港按鈴控告馬述健,1,1,
2101,南港,name,19,2021-06-09,[標的] 2102.TW 泰豐 請益 南港對泰豐的敵意併購,1,1,
2101,南港,name,19,2021-11-10,[新聞] 國產砸158億 南港廠都更啟動,0,0,
2101,南港,name,19,2021-12-29,[新聞] 國產南港都更案建造執照審查，已獲北市,0,0,
2101,南港,name,19,2022-01-05,[新聞] 南港輪胎榮董林學圃辭世 享壽74歲,1,1,
2101,南港,name,19,2022-01-06,[新聞] 南港輪胎名譽董事長林學圃辭世 享壽74歲,1,1,
2101,南港,name,19,2022-11-18,[新聞] 南港豪宅才創186萬天價 2戶入手未滿半年,0,0,
2102,泰豐,name,8,2021-03-10,[新聞] 「入股20年獲利40倍」 鼎泰豐神祕大股東,0,0,
2102,泰豐,name,8,2021-05-06,[新聞] 泰豐經營權之爭開打 南港按鈴控告馬述健,1,1,
2102,泰豐,name,8,2021-06-15,[新聞] 泰豐花3分鐘宣布中壢廠將關廠裁員　指主,1,1,
2102,泰豐,name,8,2021-06-15,[心得] 泰豐公告中壢廠全面停產,1,1,
2102,泰豐,name,8,2021-08-25,[新聞]泰豐輪胎10月15日股臨會 經營權恐將易主,1,1,
2102,泰豐,name,8,2021-11-18,[新聞] 泰豐小股東聯盟檢舉「有內線炒股」,1,1,
2102,泰豐,name,8,2022-08-19,[新聞] 泰豐中壢舊廠土地開發 9月有解,1,1,
2102,泰豐,name,8,2023-04-24,[新聞]泰豐4273坪土地標售 百峰建設以21.48億得,1,1,
2106,建大,name,7,2019-03-14,[標的] 建大,1,1,
2106,建大,name,7,2019-06-25,[新聞] 建大代重要子公司建大環宇（中國）投資?-,1,1,
2106,建大,name,7,2020-03-26,[新聞] 建大 現金股利 0.4 股票0.4,1,1,
2106,建大,name,7,2021-09-28,[新聞] 台泥擬斥54億 蘇澳、和平廠區建大型儲能,0,0,
2106,建大,name,7,2022-03-23,[新聞] 建大去年每股賺1.01元 擬配發現金股利1元,1,1,
2106,建大,name,7,2022-07-01,[新聞]電價平均漲8.4% 建大總裁楊銀明：應該要,1,1,
2106,建大,name,7,2023-07-07,[新聞] 特力屋進駐台東建大型獨立賣場 明年Q1開業,0,0,
2107,厚生,name,1,2020-02-15,[新聞] 武漢肺炎擴散日本南北 厚生勞動省：嘗試,0,0,
2108,南帝,name,9,2020-02-09,[請益] 南帝,1,1,
2108,南帝,name,9,2020-06-18,[標的] 南帝 多,1,1,
2108,南帝,name,9,2020-08-25,[新聞] 申豐、南帝 喜迎旺季,1,1,
2108,南帝,name,9,2021-04-07,[其他] 南帝 二月eps1.65,1,1,
2108,南帝,name,9,2021-05-06,[新聞] 【公告】南帝 2021年4月合併營收26.29億,1,1,
2108,南帝,name,9,2021-06-28,[情報] 南帝5月自結 EPS 1.74,1,1,
2108,南帝,name,9,2021-06-28,[新聞] 申豐/南帝Q2獲利仍看好；下半年需求恐降,1,1,
2108,南帝,name,9,2021-08-11,南帝H1每股盈餘10.6元,1,1,
2108,南帝,name,9,2021-08-30,[新聞] 南帝 手套需求看增,1,1,
2601,益航,name,11,2021-05-19,[請益] 陽明有可能跟1989年益航比嗎,1,1,
2601,益航,name,11,2021-06-11,[情報]益航2021年5月合併營收6.22億元年增15.88%,1,1,
2601,益航,name,11,2021-06-23,[請益] 今天航運股大跌，為什麼益航屹立不搖？,1,1,
2601,益航,name,11,2021-06-23,[情報] 益航5月自結EPS 0.05,1,1,
2601,益航,name,11,2021-06-25,[新聞] 航運大股東賣股潮？益航志信大股東要賣,1,1,
2601,益航,name,11,2021-06-27,[新聞] 航運股大股東出現賣股潮　益航、志信,1,1,
2601,益航,name,11,2021-06-27,[請益] 慧洋-KY、中櫃、益航 處置聽牌疑問,1,1,
2601,益航,name,11,2021-06-28,[標的] 航運3雄加益航,1,1,
2601,益航,name,11,2021-06-28,[心得] 益航、中櫃、91APP 可能今天進處置,1,1,
2601,益航,name,11,2021-07-11,[新聞] 益航董事長郭人豪5度賣股 今申報轉讓1.2,1,1,
2601,益航,name,11,2021-07-15,[新聞] 益航董座郭人豪5度出脫持股 強化轉投資,1,1,
2603,長榮,name,1307,2019-06-26,[新聞] 長榮陷罷工 華航：我們勞資很融洽,0,0,長榮航空罷工
2603,長榮,name,1307,2021-01-05,[新聞] 《航運股》長榮 美國線2月漲價,1,1,
2603,長榮,name,1307,2021-01-19,[新聞]  外資看長榮，目標價升至45.1元,1,1,
2603,長榮,name,1307,2021-03-24,[新聞] 貨輪卡蘇伊士運河 長榮：疑遭強風吹襲偏離航道,1,1,
2603,長榮,name,1307,2021-03-29,Re: [新聞] 長榮貨輪爆「船首破損」下方現巨石 海水,1,1,
2603,長榮,name,1307,2021-05-04,[心得] 今天陽明和長榮的隔日沖很多 自己小心,1,1,
2603,長榮,name,1307,2021-05-10,[情報] 長榮CB定價95元,1,1,
2603,長榮,name,1307,2021-06-17,[標的] 長榮期十大空單五萬口,1,1,
2603,長榮,name,1307,2021-06-24,[新聞] 陽明長榮大爆崩危險? 郭哲榮:這天決生死,1,1,
2603,長榮,name,1307,2021-07-01,[新聞] 法人上修長榮目標價至339元 提醒交易風險,1,1,
2603,長榮,name,1307,2021-07-05,[請益] 陽明和長榮還有機會黃金交叉嗎,1,1,
2603,長榮,name,1307,2021-07-09,[請益] 處置長榮股票證交所一天少賺三億意義何在,1,1,
2603,長榮,name,1307,2021-07-14,[請益] 明日長榮想脫手該賣在多少才好？,1,1,
2603,長榮,name,1307,2021-07-21,[標的] 大盤、長榮小兒倒貨空,1,1,
2603,長榮,name,1307,2021-07-26,Re: [標的] 長榮 大谷翔平低潮空 炸裂多,1,1,
2603,長榮,name,1307,2021-07-27,[新聞] 長榮單日違約交割4615萬　驚見有人連3500,1,1,
2603,長榮,name,1307,2021-08-06,[新聞] 市場大好 長榮2家子公司砸9411萬美元買8,1,1,
2603,長榮,name,1307,2021-09-09,[新聞] 長榮營收歷史新高!外資重申買進目標價185,1,1,
2603,長榮,name,1307,2021-11-11,[新聞] 準備擁抱運價新高 匯豐看長榮股價再漲五,1,1,
2603,長榮,name,1307,2021-12-28,[新聞] 長榮海運砸19億擴充戰力,1,1,
2603,長榮,name,1307,2022-01-04,[新聞] 長榮超級年終 逾5成來自大陸,1,1,
2603,長榮,name,1307,2022-01-12,[新聞] 本土法人估長榮2021年EPS逾45元 目標價3,1,1,
2603,長榮,name,1307,2022-02-17,[新聞] 長榮包機日本7大城3/22-6/28自由行即起開,0,0,長榮航空
2603,長榮,name,1307,2022-03-16,[標的] 長榮技術面這根帶量長黑該尊重吧,1,1,
2603,長榮,name,1307,2022-03-19,[新聞] 長榮、國巨連袂重摔 老手揭減資殘酷真相,1,1,
2603,長榮,name,1307,2022-03-26,[新聞] 喊話三兄弟 長榮國際董座 不要引狼入室,0,0,長榮集團家族爭議
2603,長榮,name,1307,2023-01-05,[新聞] SCFI拚連2紅 長榮出海搶錢？不只運價漲,1,1,
2603,長榮,name,1307,2023-05-16,Re: [標的] 長榮是否能解套,1,1,
2603,長榮,name,1307,2023-08-12,[新聞] 張國華霸氣加碼 長榮擁利多,1,1,
2603,長榮,name,1307,2023-11-13,[情報] 長榮112年第三季財報,1,1,
2605,新興,name,49,2019-06-07,[新聞] VLSI技術及電路研討會　台積電發布新興記,0,0,
2605,新興,name,49,2019-08-21,Fw: [心得] 新興市場包括那些市場和區塊,0,0,
2605,新興,name,49,2019-12-27,[新聞] 過去10年新興市場指數 泰、菲、台灣3國,0,0,
2605,新興,name,49,2020-06-03,[標的] EDC三倍新興市場,0,0,
2605,新興,name,49,2020-08-17,[新聞] 新興市場復甦動能強 股債歡騰,0,0,
2605,新興,name,49,2020-12-08,[新聞] 《金融》降息有限＋通膨微溫 新興市場債,0,0,
2605,新興,name,49,2020-12-16,[請益] 新興市場的基本面,0,0,
2605,新興,name,49,2021-06-08,[新聞] 短期之內對全球商業具影響的十項新興科技,0,0,
2605,新興,name,49,2021-06-22,[情報] 新興五月自結 EPS 0.28,1,1,
2605,新興,name,49,2021-07-06,[新聞] 結束寬鬆進入準升息 新興市場債有看頭,0,0,
2605,新興,name,49,2021-07-27,Re: [心得] 無腦多買新興  一直跌賣出一張,1,1,「賣出一張」像是在講新興股票
2605,新興,name,49,2021-08-22,[新聞] 周冠軍 華爾街郭哲榮 本周看好新興、慧洋,1,1,
2605,新興,name,49,2021-10-14,[新聞] 2021年之後，值得關注的未來七項新興技術,0,0,
2605,新興,name,49,2021-11-08,[標的] 新興2021年10月合併營收5.04億元年增63%,1,1,
2605,新興,name,49,2022-06-01,[新聞] 韓國企業加大規模投資半導體與新興科技,0,0,
2605,新興,name,49,2022-07-04,[新聞] 才剛開始！亞洲新興市場 大規模外資出走,0,0,
2605,新興,name,49,2022-07-20,[新聞] 金融業新興市場曝險 前十大出列,0,0,
2605,新興,name,49,2022-09-12,[新聞] 強勢美元！會掀起新興市場危機嗎？央行總,0,0,
2605,新興,name,49,2022-09-20,[新聞] 美元太強 恐壓垮新興市場,0,0,
2605,新興,name,49,2022-10-05,[新聞] 大摩：新興市場及亞股已近熊市尾聲,0,0,
2605,新興,name,49,2022-10-10,[新聞] 強美元風暴來襲 2新興市場貨幣逆勢挺住,0,0,
2605,新興,name,49,2022-12-12,[新聞] 道瓊永續世界指數與新興市場指數成分股,0,0,
2605,新興,name,49,2023-04-24,[新聞] 谷月涵點名看好四大新興產業 助攻我經濟,0,0,
2605,新興,name,49,2023-05-15,[新聞] 橋水Q1增持新興市場ETF 谷歌 減持銀行,0,0,
2605,新興,name,49,2023-05-20,[新聞] 美國白宮推出關鍵和新興技術國家標準戰略,0,0,
2605,新興,name,49,2023-06-24,[新聞] 高盛：新興市場股市市值2030年將超越美股,0,0,
2605,新興,name,49,2023-09-16,[新聞] 馬士基翻多 指看到明年新興市場和北美具,0,0,
2605,新興,name,49,2023-10-23,[新聞] 谷月涵：台股短線有壓 看好四大新興產業,0,0,
2605,新興,name,49,2023-10-31,[新聞] 外資從新興亞股大逃亡 台股殺最慘,0,0,
2605,新興,name,49,2023-12-06,[新聞] BDI連七紅 裕民、中航、新興受惠,1,1,
2609,陽明,name,907,2020-12-16,[新聞] 長榮、陽明新船入列 明年Q1獲利更勝本季,1,1,
2609,陽明,name,907,2020-12-16,[新聞] 海運復甦，長榮、陽明船隊準備大換血,1,1,
2609,陽明,name,907,2020-12-31,[標的] 陽明長榮 無限多,1,1,
2609,陽明,name,907,2021-01-01,[請益] 長榮 陽明 萬海 法人沒甚麼買?,1,1,
2609,陽明,name,907,2021-04-17,[心得] 長榮陽明友達群創中鋼中鴻台達化富邦金國,1,1,
2609,陽明,name,907,2021-05-07,[請益] 沒人要信陽明王了？,1,1,
2609,陽明,name,907,2021-05-12,[新聞] MSCI公布半年度調整 新增陽明、剔除群光,1,1,
2609,陽明,name,907,2021-05-12,[情報] 陽明第一季 EPS 7.49,1,1,
2609,陽明,name,907,2021-05-13,[請益] 陽明是船還是潛水艇？,1,1,
2609,陽明,name,907,2021-06-05,[情報] 陽明增資（更）,1,1,
2609,陽明,name,907,2021-06-15,[新聞] 短短不到半個月 陽明附加費三度喊漲,1,1,
2609,陽明,name,907,2021-06-22,[新聞] 長榮、陽明關禁閉 資金外溢運輸股,1,1,
2609,陽明,name,907,2021-06-23,[請益] 為什麼都沒有人掛單買陽明?,1,1,
2609,陽明,name,907,2021-06-29,[新聞] 秉持董座箴言 台驊10億額度認購陽明現增,1,1,
2609,陽明,name,907,2021-07-07,[新聞] 外資變臉大砍陽明5萬張 資金轉進電子股,1,1,
2609,陽明,name,907,2021-07-08,[心得] 當沖真的要守紀律 陽明有單,1,1,
2609,陽明,name,907,2021-07-12,[情報] 陽明前董座謝志堅專訪,1,1,
2609,陽明,name,907,2021-07-12,[新聞] 陽明現增每股價格182元 價差僅7.4%,1,1,
2609,陽明,name,907,2021-07-15,[新聞] 陽明詢圈現增 傳券商將這麼做,1,1,
2609,陽明,name,907,2021-07-21,[請益] 元大今日再次賣爆陽明,1,1,
2609,陽明,name,907,2021-07-30,[情報] 悅城取得長榮&陽明普通股股票之公告,1,1,
2609,陽明,name,907,2021-08-12,[新聞] 想衝陽明山看英仙流星雨要注意,0,0,
2609,陽明,name,907,2021-08-12,[請益] 明早要怎麼抵檔買陽明的衝動,1,1,
2609,陽明,name,907,2021-08-19,[新聞] 運價再傳調漲，貨攬業者稱陽明9/15起將加,1,1,
2609,陽明,name,907,2021-08-23,[請益] 怎麼看長榮的線比陽明漂亮的？,1,1,
2609,陽明,name,907,2021-10-13,[新聞] 融資買陽明慘賠百萬 鐵桿韭菜仍死不賣股,1,1,
2609,陽明,name,907,2021-11-08,[請益] 陽明只有高點一半 水手在高興什麼,1,1,
2609,陽明,name,907,2022-08-20,[新聞] 貨櫃運價底部近了？陽明航線還開加班船,1,1,
2609,陽明,name,907,2022-09-28,[標的] 陽明股價是不是低於淨值了?,1,1,
2609,陽明,name,907,2023-07-10,[情報] 陽明 6月營收 124.2億 (+7.3%),1,1,
2611,志信,name,6,2021-06-24,[新聞] 志信5月稅後淨利年增3761% EPS 0.62元,1,1,
2611,志信,name,6,2021-06-25,[新聞] 航運大股東賣股潮？益航志信大股東要賣,1,1,
2611,志信,name,6,2021-06-27,[新聞] 航運股大股東出現賣股潮　益航、志信,1,1,
2611,志信,name,6,2021-08-23,[情報] 志信110年第2季合併財務報告,1,1,
2611,志信,name,6,2022-02-24,[新聞] 志信、凱鈺 錢景看俏,1,1,
2611,志信,name,6,2022-03-02,[新聞] 志信：公司董事長遭台北地方檢察署起訴,1,1,
2303,聯電,name,471,2019-04-24,[新聞] 聯電第1季每股賺0.1元 擬買20萬張庫藏股,1,1,
2303,聯電,name,471,2020-04-27,[新聞] 聯電Q1毛利率19.2% 優於預期 EPS 0.19元,1,1,
2303,聯電,name,471,2020-08-24,[新聞] 聯電將開放主管級認購庫藏股和現股價差逾,1,1,
2303,聯電,name,471,2020-09-16,[新聞] 外資看好轉單、漲價 聯電目標價UP,1,1,
2303,聯電,name,471,2020-10-19,[新聞] 聯電可望受惠漲價效益 外資Q4業績續創高,1,1,
2303,聯電,name,471,2020-12-26,[請益] 比起聯電長榮買台積電是不是沒那麼強,1,1,
2303,聯電,name,471,2021-01-10,[新聞] 聯電竹科廠「跳電」恐波及8吋晶圓產 法人,1,1,
2303,聯電,name,471,2021-01-26,[新聞] 車用晶片告急 老謝：找聯電最快能解決,1,1,
2303,聯電,name,471,2021-02-08,[新聞] 聯電王石專訪／晶片一路缺估到2023年,1,1,
2303,聯電,name,471,2021-03-06,[心得] 聯電與大盤關係,1,1,
2303,聯電,name,471,2021-03-11,[其他] 中環處分聯電普通股股票之公告,1,1,
2303,聯電,name,471,2021-05-01,[新聞] 聯電竊美光商業機密有罪 遭美列智財保護,1,1,
2303,聯電,name,471,2021-06-02,[新聞] 代工需求旺 高盛升台積電、聯電目標價880,1,1,
2303,聯電,name,471,2021-06-06,[新聞] 土洋對作聯電 外資大賣內資撿,1,1,
2303,聯電,name,471,2021-06-28,[新聞] 聯電、國巨 認購聚光,1,1,
2303,聯電,name,471,2021-07-09,[心得] 聯電發行可交換債利率利率為何是負的？,1,1,
2303,聯電,name,471,2021-08-17,[新聞] 聯電Q4再傳漲價聲營運威震股價,1,1,
2303,聯電,name,471,2021-09-02,[新聞] 蔡明彰觀點：聯電領先創高 接下來是誰？,1,1,
2303,聯電,name,471,2021-09-07,[心得] 聯電腳底抹油,1,1,
2303,聯電,name,471,2021-10-29,[請益] 聯電法說會是哪裡不如預期?,1,1,
2303,聯電,name,471,2022-01-04,[新聞] 今年AMOLED DDI供貨吃緊 聯電主要擴產計,1,1,
2303,聯電,name,471,2022-02-14,[新聞] 聯電和艦1員工疑染疫　生產逐步暫停,1,1,
2303,聯電,name,471,2022-04-02,[新聞] 台積電聯電ADR慘殺 兇手抓到了,1,1,
2303,聯電,name,471,2022-04-12,[新聞] 聯電、台積暴跌 郭哲榮曝「樂透」級買點,1,1,
2303,聯電,name,471,2022-07-20,[新聞] 〈聯電大老開講〉談美晶片法案 宣明智：封閉使產業受傷、合,1,1,
2303,聯電,name,471,2022-07-27,[情報] 聯電111年第2季財報,1,1,
2303,聯電,name,471,2023-01-31,[新聞] 聯電稱福建政府阻回購合資晶圓廠 警告損,1,1,
2303,聯電,name,471,2023-05-03,[新聞] 聯電推出40奈米RFSOI平台 加速5G毫米波,1,1,
2303,聯電,name,471,2023-08-16,[心得] 廣達、鴻海、聯發科、聯電,1,1,
2303,聯電,name,471,2023-12-14,[新聞] 董座洪嘉聰：聯電要從IC變身IP 攜矽統、,1,1,
2329,華泰,name,7,2020-03-04,[新聞] 疫情衝擊 本土美妝店美華泰6月30日將關,0,0,
2329,華泰,name,7,2020-07-01,[新聞] 夏普收購美華泰，美華泰轉型電商,0,0,
2329,華泰,name,7,2021-08-05,[情報] 華泰董事會決議不分派110年第二季盈餘。,1,1,
2329,華泰,name,7,2023-07-14,[新聞] Q3營運優於Q2 華泰創今年最高價,1,1,
2329,華泰,name,7,2023-10-26,[新聞] 華泰Q3獲利衝高，全年EPS估逾2元,1,1,
2329,華泰,name,7,2023-11-30,[請益] 看不懂華泰到底是在吃貨還是出貨,1,1,
2329,華泰,name,7,2023-12-04,[新聞] 《半導體》華泰 外資投信敲進,1,1,
2351,順德,name,5,2020-11-27,[標的] 順德 短多,1,1,
2351,順德,name,5,2021-06-13,[新聞] 神基擬出售轉投資順德廠 處分利益估25億,1,1,
2351,順德,name,5,2021-06-17,[新聞] 順德今年營運拚逐季揚；南投新廠10月完工,1,1,
2351,順德,name,5,2021-07-19,[新聞] 台玻、順德 四檔聚焦,1,1,
2351,順德,name,5,2023-03-01,[新聞] 順德、界霖 法人喊買,1,1,
2312,金寶,name,36,2020-08-24,[標的] 泰金寶火箭式噴出多,0,0,
2312,金寶,name,36,2020-08-27,[標的] 泰金寶9105瘋狂多,0,0,
2312,金寶,name,36,2020-09-01,[新聞] 昇貿、金寶 出貨暢旺,1,1,
2312,金寶,name,36,2020-09-06,[標的] 泰金寶 嘎爆空軍多,0,0,
2312,金寶,name,36,2020-09-08,[標的] 泰金寶-DR 一場空,0,0,
2312,金寶,name,36,2020-09-09,[其他] 9105泰金寶-DR 2020年八月自結合併營收公告,0,0,
2312,金寶,name,36,2020-09-11,[標的] 9105泰金寶DR 多,0,0,
2312,金寶,name,36,2020-09-18,Re: [標的] 9105 泰金寶,0,0,
2312,金寶,name,36,2020-09-22,[標的] 泰金寶的接班人-泰聚亨 翻倍多,0,0,
2312,金寶,name,36,2020-09-27,[標的] 泰金寶-DR（9105）多到哭,0,0,
2312,金寶,name,36,2020-09-27,[標的] 泰金寶-DR(多),0,0,
2312,金寶,name,36,2020-09-28,[新聞] 飆股的故事／泰金寶大廠搶合作 股價超漲,0,0,
2312,金寶,name,36,2020-10-05,[標的] 9105泰金寶,0,0,
2312,金寶,name,36,2020-10-08,[其他] 泰金寶-DR 9月營收,0,0,
2312,金寶,name,36,2020-10-12,[標的] 9105泰金寶DR 抄底反彈多,0,0,
2312,金寶,name,36,2020-10-27,[新聞] 泰金寶連二日漲停 10月股價大洗 三溫暖,0,0,
2312,金寶,name,36,2020-11-10,[新聞] 泰金寶-DR(9105)-109年10月 營業收入資訊,0,0,
2312,金寶,name,36,2020-11-20,[新聞] 泰金寶達公佈注意交易標準 Q3獲利1.76億,0,0,
2312,金寶,name,36,2020-12-07,[新聞] 拿下SpaceX訂單 金寶樂攻漲停,1,1,
2312,金寶,name,36,2021-04-14,[新聞] 泰金寶-DR(9105)-11003-營業收入資訊,0,0,
2312,金寶,name,36,2021-04-16,[標的] 9105 泰金寶-DR 再漲將面臨20分鐘處置,0,0,
2312,金寶,name,36,2021-04-28,[新聞] 低軌衛星+奇亞幣題材發酵　金寶股價飆近,1,1,
2312,金寶,name,36,2021-05-10,[情報] 泰金寶-DR4月營收92.17億元年增71.09% 1,0,0,
2312,金寶,name,36,2021-05-11,[新聞] 聯發科失千金寶座 三大研究機構齊護航,0,0,
2312,金寶,name,36,2022-03-09,[新聞] 林岱樺揭深喉嚨錄音檔　再爆金寶董座自,1,1,
2312,金寶,name,36,2022-03-19,[新聞] 金寶庫藏股自肥案 金管會開罰72萬,1,1,
2312,金寶,name,36,2022-05-03,[新聞] 爭議又一樁 金寶違反利益迴避慘賠1.6億,1,1,
2312,金寶,name,36,2023-05-15,[情報]  金寶 Q1 eps 0.17年減25.55%,1,1,
2312,金寶,name,36,2023-09-07,[新聞] 仁寶決議參與泰金寶現增,0,0,
2312,金寶,name,36,2023-10-06,[請益] 泰金寶dr漲跌幅請教,0,0,
2349,錸德,name,12,2019-03-14,[新聞] Google大當機 錸德冷儲存被喚醒股價飆漲,1,1,
2349,錸德,name,12,2019-03-14,[標的] 別去空錸德,1,1,
2349,錸德,name,12,2020-05-07,[新聞] 錸德擬減資45.98%彌補虧損 每股淨值將重,1,1,
2349,錸德,name,12,2020-05-11,[新聞] 蘋果擴廠打光 錸德同泰雙飆,1,1,
2349,錸德,name,12,2020-07-09,[新聞] 防疫正夯！錸德推抗菌光碟 鎖定醫院、儲,1,1,
2349,錸德,name,12,2021-08-05,[新聞] 錸德獨家技術 強攻B2B應用,1,1,
2349,錸德,name,12,2021-12-30,[新聞] 市場題材夯 碟片廠錸德、中環盤中股價激,1,1,
2349,錸德,name,12,2022-04-28,[新聞] 《光電股》錸德新品牌 5月3日搶進日式拉,1,1,
2349,錸德,name,12,2023-05-25,[請益]  中環錸德大致的都市傳說,1,1,
2349,錸德,name,12,2023-07-17,[新聞] 錸德 今年餐飲營收戰4億,1,1,
2349,錸德,name,12,2023-11-29,[新聞] 低賣高買子公司股票　錸德董座葉垂景遭,1,1,
2349,錸德,name,12,2023-12-06,[新聞] 進擊高階 錸德光碟明年市佔拚逾5成,1,1,
2374,佳能,name,4,2020-05-13,[新聞] 【公告】佳能董事會決議股利分派,1,1,
2374,佳能,name,4,2021-01-22,[新聞] 佳能電子小型衛星價格每顆10億日元 同類,0,0,
2374,佳能,name,4,2021-11-22,[新聞] 〈佳能法說〉影像感測產品將成出貨主力,1,1,
2374,佳能,name,4,2023-10-15,[新聞] 力拚ASML！佳能開賣晶片製造新設備,0,0,
3033,威健,name,4,2021-03-26,[其他] 威健開獎 （配的數字會不會太長XD）,1,1,
3033,威健,name,4,2022-04-11,[情報] 聯強  威健  大聯大  3月營收,1,1,
3033,威健,name,4,2022-10-31,"[情報] 威健 Q3EPS:0.88,前三季3.38",1,1,
3033,威健,name,4,2023-06-08,[情報] 威健五月營收59.49億,1,1,
3048,益登,name,5,2020-11-11,[新聞] 益登 董事會通過109年第三季合併財務報告,1,1,
3048,益登,name,5,2021-03-12,[請益] 益登還要幾根才會下來？,1,1,
3048,益登,name,5,2021-03-16,[新聞] 益登盤中拉第三根漲停 股價衝上2004年7月,1,1,
3048,益登,name,5,2021-08-30,[請益] 益登都沒人在討論嗎?,1,1,
3048,益登,name,5,2021-09-30,益登因有重大訊息待公布明日暫停交易,1,1,
2453,凌群,name,4,2020-08-31,[標的] 凌群 長期多,1,1,
2453,凌群,name,4,2021-03-22,[標的] 滿心，榮科，凌群,1,1,
2453,凌群,name,4,2021-05-24,[新聞] 凌群電腦在萬華！千名員工仍通勤,1,1,
2453,凌群,name,4,2022-10-15,[新聞] 敦陽科、凌群獲利拚20年高峰,1,1,
2471,資通,name,9,2019-06-21,[新聞] 資通信產品獨撐大局，5 月外銷訂單減幅優,0,0,
2471,資通,name,9,2019-07-08,[新聞] 資通與電子產品拉抬 6月出口終止連七黑,0,0,
2471,資通,name,9,2020-04-21,[新聞] 4月外銷訂單估減40億美元 資通訊、基本,0,0,
2471,資通,name,9,2020-08-10,[新聞] 智慧醫材研發 深化資通訊生醫鏈結,0,0,
2471,資通,name,9,2021-07-30,[請益] 航運三雄 今日(7/30)融資通通減碼,0,0,
2471,資通,name,9,2022-07-29,[情報] 資通股：敦陽科2480、零壹3029 Q2 eps,0,0,
2471,資通,name,9,2023-02-06,[請益] 沒收到現金增資通知書(雄獅),0,0,
2471,資通,name,9,2023-08-30,[新聞] 緯創資通湖口廠紙箱引發火警 保全不明,0,0,
2471,資通,name,9,2023-12-08,[新聞] 11月出口翻紅年增3.8%寫16個月最佳 資通,0,0,
3029,零壹,name,10,2020-02-19,[新聞] 零壹領軍 資訊服務商族群抗跌,1,1,
3029,零壹,name,10,2020-02-26,[新聞] 零壹董事會決議股利分派,1,1,
3029,零壹,name,10,2020-03-10,[其他] 歷史性的一刻 道瓊狂跌兩千零壹十三點!!!,0,0,
3029,零壹,name,10,2021-02-25,[標的] 零壹  資安一定多,1,1,
3029,零壹,name,10,2021-03-16,[標的] 零壹強勢整理多,1,1,
3029,零壹,name,10,2022-01-06,[情報] 零壹2021年12月合併營收9.56億 年增28.15,1,1,
3029,零壹,name,10,2022-02-11,[情報] 聯華食、零壹、宏全 1月營收,1,1,
3029,零壹,name,10,2022-03-09,[情報] 聯華食、生達、正隆、零壹  2月營收,1,1,
3029,零壹,name,10,2022-10-27,[新聞] 零壹前三季獲利創高，EPS 3.14元,1,1,
3029,零壹,name,10,2023-05-17,[新聞] 地緣政治波動 零壹看好資安、軍工結合市,1,1,
4994,傳奇,name,25,2019-07-05,[新聞] 傳奇、鈊象6月營收攀峰,1,1,
4994,傳奇,name,25,2019-12-24,Fw: [新聞] 重考4次他賺千萬成「校園股神」傳奇,0,0,
4994,傳奇,name,25,2020-06-17,[新聞] 負債1200億翻身傳奇 黃崇仁:力積電拚明年,0,0,
4994,傳奇,name,25,2020-08-01,[新聞] 一檔股票賺100萬!證券行掃地阿姨投資傳奇,0,0,
4994,傳奇,name,25,2020-09-18,[新聞] 傳奇避險大師：美75年帝國已衰退,0,0,
4994,傳奇,name,25,2020-12-09,[新聞] 黃崇仁帶領力晶寫傳奇 旗下力積電9日登,0,0,
4994,傳奇,name,25,2020-12-16,[新聞] 重磅！台積電傳奇回歸中芯國際,0,0,
4994,傳奇,name,25,2021-04-30,[新聞] 悲劇！華爾街傳奇基金經理跳樓身亡，,0,0,
4994,傳奇,name,25,2021-07-03,[新聞] 半導體九命怪貓 黃崇仁寫傳奇,0,0,
4994,傳奇,name,25,2021-07-07,[請益] 威宏-KY 8442 疫苗傳奇,0,0,
4994,傳奇,name,25,2021-12-20,［創作］閃亮三姐妹 - 傳奇,0,0,
4994,傳奇,name,25,2022-01-05,[新聞] 傳奇投資人預言：2022美股漲不動、金價與,0,0,
4994,傳奇,name,25,2022-02-21,[新聞] 預言崩盤 傳奇投資人砍Alphabet買台積電,0,0,
4994,傳奇,name,25,2022-02-22,[新聞] 貨運暢旺！謝金河盛讚：華航、長榮寫傳奇,0,0,
4994,傳奇,name,25,2022-05-04,[新聞] 傳奇基金經理人建議：遠離債券和股票 保,0,0,
4994,傳奇,name,25,2022-05-20,[新聞] 傳奇經理人彼得林區偷偷買進 雞蛋水餃股I,0,0,
4994,傳奇,name,25,2023-01-30,[新聞] 傳奇投資人葛拉漢警告：美股恐大規模崩盤,0,0,
4994,傳奇,name,25,2023-04-23,[新聞] 曾神準預言3次泡沫！華爾街傳奇驚曝：美,0,0,
4994,傳奇,name,25,2023-05-20,[新聞] 放空慘賠90億美元 傳奇投資人伊坎認錯,0,0,
4994,傳奇,name,25,2023-06-06,[新聞] 傳奇5月營收月增14.8% 每股稅前賺0.33元,1,1,
4994,傳奇,name,25,2023-07-13,[新聞] 「周杰倫概念股」巨星傳奇掛牌首日漲48％,0,0,
4994,傳奇,name,25,2023-08-09,[新聞] 最剽悍AI股傳奇》曾大喊「沒賺錢不領薪,0,0,
4994,傳奇,name,25,2023-09-09,[新聞] 美股崩盤？傳奇投資人：AI天王是「教科,0,0,
4994,傳奇,name,25,2023-11-19,[新聞] 傳奇投資人示警美股將暴跌3成　經濟衰退,0,0,
4994,傳奇,name,25,2023-11-29,[新聞] 巴菲特傳奇合夥人查理蒙格過世、享耆壽9,0,0,
5203,訊連,name,1,2021-12-14,[新聞] 陽明董事長鄭貞茂 視訊連線、誠懇慰留李,0,0,
9937,全國,name,36,2019-04-18,[新聞] 日本拚2020年5G全國商轉，全國劃分4500,0,0,
9937,全國,name,36,2019-07-04,[新聞] 羽田等全國7機場 外籍人士出境將啟用「臉,0,0,
9937,全國,name,36,2019-09-10,Re: [新聞] 美中貿易全國委員會副會長：沒有美國企業要離開中國,0,0,
9937,全國,name,36,2019-12-01,[新聞] 全國空屋創新高 市值估逾9兆,0,0,
9937,全國,name,36,2020-01-09,[新聞] 伊朗導彈襲擊美基地 川普發表全國講話全,0,0,
9937,全國,name,36,2020-01-23,[新聞] 全國第1！ 彰化太陽光電年發電量 供20萬,0,0,
9937,全國,name,36,2020-01-24,[新聞] 觀光局：全國旅行社即起暫停出團大陸,0,0,
9937,全國,name,36,2020-02-05,[新聞] 全國下令進入一級戰備！ 以色列油氣管道被炸,0,0,
9937,全國,name,36,2020-03-21,[新聞] 英國全國封鎖,0,0,
9937,全國,name,36,2020-03-23,[新聞] 美國紐約等8州先後祭禁令防疫 全國逾一,0,0,
9937,全國,name,36,2020-04-09,[新聞] 新加坡全國封城，晶片製造商憂「斷供」,0,0,
9937,全國,name,36,2020-04-29,[新聞] 全國人大常委譚耀宗：兩會代表需親身出席,0,0,
9937,全國,name,36,2020-05-23,[新聞] 「房地產不是拿來炒的」然後全國房價就,0,0,
9937,全國,name,36,2020-06-19,[新聞] 全國房價、租金指數均創新高！小英的居,0,0,
9937,全國,name,36,2020-12-14,[心得] 投標要謹慎- by 全國最高得標者,0,0,
9937,全國,name,36,2021-02-13,[新聞] 比特幣消耗龐大能源「超過阿根廷全國用電,0,0,
9937,全國,name,36,2021-04-07,[新聞] 中國瘋比特幣採礦 耗能超越義大利全國,0,0,
9937,全國,name,36,2021-04-26,[新聞] 拜登政府推全國充電網路設50萬座電動汽車,0,0,
9937,全國,name,36,2021-05-18,[新聞]居家學習所需行動載具 全國中小學仍缺1.1萬台,0,0,
9937,全國,name,36,2021-05-19,[新聞] 指揮中心︰全國將進入第三級防疫警戒,0,0,
9937,全國,name,36,2021-05-19,[新聞] 全國三級警戒｜連5天增逾百例！何時升四,0,0,
9937,全國,name,36,2021-05-23,[新聞] 全國三級警戒延長至6月8日?陳宗彥急改口,0,0,
9937,全國,name,36,2021-05-25,[新聞] 快訊／全國停課擬延長至6／11,0,0,
9937,全國,name,36,2021-05-25,[新聞] 哥倫比亞第一大港因全國罷工致貨物塞港,0,0,
9937,全國,name,36,2021-07-01,[新聞] 全國所得排行後80%者 南韓擬發給每人近6,0,0,
9937,全國,name,36,2021-07-15,[新聞] 中國全國碳交易市場 正式啟動線上交易,0,0,
9937,全國,name,36,2021-09-07,[新聞] 陳時中:若新北疫情未控制 不排除全國升三,0,0,
9937,全國,name,36,2021-09-09,[情報] 全國房價再創歷史新高！央行喊四沒有成,0,0,
9937,全國,name,36,2022-08-31,[新聞] 支持“保交樓” 2000億元全國性專項借款啟動,0,0,
9937,全國,name,36,2023-06-28,[新聞] 需求疲軟 中國5月全國工業利潤降12.6%,0,0,
2704,國賓,name,4,2022-03-09,[情報] 國賓取得台積電有價證券,1,1,
2704,國賓,name,4,2022-04-09,[新聞] 比開飯店好賺!國賓今又公告買回台積電540,1,1,
2704,國賓,name,4,2023-01-14,[新聞] 國賓處分台積電全數股票870張 總金額逾4,1,1,
2704,國賓,name,4,2023-04-12,[標的] 國賓,1,1,
2723,美食,name,12,2019-05-24,[新聞] 要健身還是要美食？柏文挑戰瓦城觀光股,0,0,
2723,美食,name,12,2020-03-15,[標的] 美食ky 空,1,1,
2723,美食,name,12,2020-11-05,[新聞] 王品瘋美食會員提前達標破百萬　明年營,0,0,
2723,美食,name,12,2021-03-23,[新聞] 美食-KY終結獲利連2衰 今年看好二大利多,1,1,
2723,美食,name,12,2021-05-02,[心得] 排隊等美食的大媽也在看股票是不是該注,0,0,
2723,美食,name,12,2021-05-10,[新聞] 《熱門族群》華航投顧喊買 美食-KY外資,1,1,
2723,美食,name,12,2021-06-15,[新聞] 八方雲集今通過上市　國民美食指標去年,0,0,
2723,美食,name,12,2021-08-10,[新聞] 外資喊買九大潛力傳產股 首評美食目標價,1,1,
2723,美食,name,12,2021-12-13,[新聞] 美食11月營收近5月低點 Q4拚持穩,1,1,
2723,美食,name,12,2023-03-24,[新聞] 美食-KY董事長吳政學配偶 申報鉅額轉讓,1,1,
2723,美食,name,12,2023-06-29,[新聞] 航空雙雄提升機上服務 美食、甜點飛上高,0,0,
2723,美食,name,12,2023-11-21,[新聞] 美食-KY下半年在中國大砍30家店？公司證實Q3有閉店潮,1,1,
2832,台產,name,20,2019-05-04,[新聞] 5G白牌基地台產業，即將起飛,0,0,
2832,台產,name,20,2020-12-22,[新聞] 《金融》旭富商業火險 明台產險主辦,0,0,
2832,台產,name,20,2021-01-23,[新聞] 「防疫神保單」住桃園拒保? 台產霸氣回應,1,1,
2832,台產,name,20,2021-01-23,[新聞] 防疫保單搶爆 台產急宣布：下周一下午5點,1,1,
2832,台產,name,20,2021-01-25,[新聞] 好心有好報！台產股價勁揚2%稱霸產險股,1,1,
2832,台產,name,20,2021-01-25,[標的] 2382台產 賭博多,1,1,代號寫錯（2382），內容應是台產
2832,台產,name,20,2021-02-17,[新聞] 防疫保單賣翻 台產受理逾300萬件,1,1,
2832,台產,name,20,2021-05-15,[新聞] 台產300萬件防疫保單 再保零趴成焦點,1,1,
2832,台產,name,20,2021-05-26,[新聞] 疫情升溫台產理賠件數飆升4倍！金額破603,1,1,
2832,台產,name,20,2021-06-10,[新聞] 防疫保單理賠數恐擴大 臺產5月虧損2.4億,1,1,
2832,台產,name,20,2021-07-02,[新聞] 台產防疫保單理賠近6000件 是否虧錢下半,1,1,
2832,台產,name,20,2021-07-15,[新聞] 台產防疫保單理賠破10億大關 積極尋求再,1,1,
2832,台產,name,20,2021-07-26,[新聞] 台產「防疫保單」已理賠11.53億，19億,1,1,
2832,台產,name,20,2021-08-06,[新聞] 台產「防疫保單」拉警報！已理賠近13億,1,1,
2832,台產,name,20,2021-08-12,[新聞] 防疫保單理賠拖累 台產前七月虧2億,1,1,
2832,台產,name,20,2021-08-27,[情報] 台產通過上半年財務報告,1,1,
2832,台產,name,20,2021-12-01,[新聞] 臺產：現在斷定「臺產防疫保單賠定了」還,1,1,
2832,台產,name,20,2022-01-06,[情報] 台產 有關檢調單位至本公司進行調查事宜,1,1,
2832,台產,name,20,2023-02-07,[新聞] 防疫保單讓保險業賠爆？ 明台產險賣4棟樓換60億現金,0,0,
2832,台產,name,20,2023-06-09,[情報] 台產5月營收,1,1,
2838,聯邦銀,name,15,2019-03-13,[新聞] 聯邦銀擬配發股票股利0.7元,1,1,
2838,聯邦銀,name,15,2019-05-14,[新聞] MSCI台股成分股新增聯邦銀、奇鋐、神盾,1,1,
2838,聯邦銀,name,15,2020-03-11,聯邦銀:公告本公司董事會決議特別股股利分派,1,1,
2838,聯邦銀,name,15,2020-03-12,[其他] 聯邦銀董事會決議普通股股利分派情形,1,1,
2838,聯邦銀,name,15,2020-04-08,[新聞] 《業績-金融》聯邦銀Q1每股賺0.14元,1,1,
2838,聯邦銀,name,15,2020-05-07,[新聞] 《業績-金融》聯邦銀前4月EPS約0.24元,1,1,
2838,聯邦銀,name,15,2020-07-06,[新聞] 聯邦銀 109年6月自結盈餘,1,1,
2838,聯邦銀,name,15,2020-07-09,[新聞] 聯邦銀除權息交易日109/07/23,1,1,
2838,聯邦銀,name,15,2021-05-04,[其他] 聯邦銀 4月自結 0.22,1,1,
2838,聯邦銀,name,15,2022-06-11,[新聞] 聯邦銀貸款給3炒房團 恐遭重罰,1,1,
2838,聯邦銀,name,15,2022-08-04,[情報] 聯邦銀7月自結0.12,1,1,
2838,聯邦銀,name,15,2023-03-21,[新聞] 快訊／新光銀、聯邦銀遭罰300萬！　貸款,1,1,
2838,聯邦銀,name,15,2023-04-20,[新聞]  聯邦銀：公司甲種特別股4/24起重設之股.,1,1,
2838,聯邦銀,name,15,2023-04-22,[新聞] 聯邦銀甲特5.26125%，富邦特4.58125%,1,1,
2838,聯邦銀,name,15,2023-07-10,[新聞] 又傳銀行職員疑似勾結詐騙集團 聯邦銀行,1,1,
2905,三商,name,15,2019-03-22,[新聞] 三商美邦通過虧損撥補案，無發放股利,0,0,
2905,三商,name,15,2019-03-23,[新聞] 中壽、三商美邦今年「零股利」　新光金配,0,0,
2905,三商,name,15,2019-04-05,[新聞] 《股利-百貨》三商去年EPS降至0.43元，,1,1,
2905,三商,name,15,2019-07-06,[請益] 2867三商人壽,0,0,
2905,三商,name,15,2019-10-17,[新聞] 三商美邦人壽公佈108年前三季自結財報,0,0,
2905,三商,name,15,2020-01-16,[新聞] 三商美邦人壽公佈108年度自結財報數字,0,0,
2905,三商,name,15,2020-03-27,[新聞] 三商 公告本公司董事會決議股利分派,1,1,
2905,三商,name,15,2022-05-03,[新聞] 連踩二大地雷三商人壽董座副董閃辭內幕,0,0,
2905,三商,name,15,2022-06-14,[新聞] 我國信評最差保險業！三商美邦降評到「t,0,0,
2905,三商,name,15,2022-07-07,[請益] 三商賭對了吧？,0,0,可能是三商壽
2905,三商,name,15,2022-07-13,[新聞] 三商美邦內湖大樓 中國人壽以83.5億得標,0,0,
2905,三商,name,15,2022-09-01,[新聞] 三商、宏泰、南山人壽踩監理紅線,0,0,
2905,三商,name,15,2023-02-20,[情報] 2867 三商人壽 現金增資基準日及相關事宜,0,0,
2905,三商,name,15,2023-04-21,[情報] 三商美邦人壽公佈112年第一季自結財報數,0,0,
2905,三商,name,15,2023-09-01,[新聞] 3壽險財務拉警報！　三商美邦、宏泰人壽,0,0,
6689,伊雲谷,name,4,2021-05-25,[標的] 伊雲谷 突破雲端多,1,1,
6689,伊雲谷,name,4,2021-09-24,[新聞] 伊雲谷申請上市 今年第15家,1,1,
6689,伊雲谷,name,4,2022-09-05,[新聞] 中籤率僅0.9%！伊雲谷明將抽籤 抽中現賺5,1,1,
6689,伊雲谷,name,4,2023-05-19,[新聞] 伊雲谷攜手美時 升級製藥業ERP系統,1,1,
