code,kind,precision,n_checked,round
1108,name,0.0,21,1
2609,name,0.9666666666666667,30,1
2603,name,0.9,30,1
2601,name,1.0,11,1
2471,name,0.0,9,1
2453,name,1.0,4,1
2611,name,1.0,6,1
2374,name,0.5,4,1
2349,name,1.0,12,1
2303,name,1.0,30,1
2108,name,1.0,9,1
2107,name,0.0,1,1
2351,name,1.0,5,1
2704,name,1.0,4,1
2723,name,0.5833333333333334,12,1
2832,name,0.85,20,1
9937,name,0.0,30,1
6923,name,0.2,5,1
6873,name,1.0,1,1
6869,name,1.0,21,1
6790,name,1.0,5,1
6768,name,1.0,1,1
6689,name,1.0,4,1
5203,name,0.0,1,1
4994,name,0.08,25,1
4536,name,1.0,1,1
3048,name,1.0,5,1
3033,name,1.0,4,1
3029,name,0.9,10,1
2838,name,1.0,15,1
2102,name,0.875,8,1
2101,name,0.3684210526315789,19,1
2015,code,0.23076923076923078,13,1
1521,name,1.0,3,1
1514,name,1.0,7,1
1506,name,1.0,2,1
2059,name,1.0,3,1
1418,name,1.0,1,1
1414,name,,0,2
1308,name,1.0,4,1
1301,name,0.8666666666666667,30,1
1109,name,0.06666666666666667,15,1
1533,name,1.0,3,1
1611,name,0.0,2,1
2013,code,0.5,8,1
2012,code,0.3333333333333333,3,1
2010,code,0.15384615384615385,13,1
2009,code,0.7037037037037037,27,1
2008,code,0.03333333333333333,30,1
2007,code,0.3333333333333333,9,1
2014,code,0.7333333333333333,30,1
2002,code,0.9333333333333333,30,1
1909,name,0.8666666666666667,15,1
1806,name,0.03333333333333333,30,1
1721,name,1.0,5,1
2006,code,0.7619047619047619,21,1
2329,name,1.0,5,2
2312,name,1.0,10,2
2106,name,1.0,5,2
1810,name,0.75,4,2
1713,name,1.0,2,2
1612,name,0.5,4,2
1603,name,1.0,2,2
1503,name,1.0,2,2
1515,name,1.0,7,2
1423,name,1.0,1,2
1303,name,1.0,25,2
1216,name,0.5333333333333333,30,2
1210,name,0.7894736842105263,19,2
2605,name,0.5714285714285714,14,2
1519,name,1.0,11,2
2905,name,0.5,4,2
