code,name,exclude,news_title,news_title_tagged,news_tag,ptt_title_name,ptt_title_code,tag_frac,name_low_tag,name_no_news,code_year
1101,台泥,,224,212,411,198,81,0.9464285714285714,False,False,False
1102,亞泥,,58,56,124,91,45,0.9655172413793104,False,False,False
1103,嘉泥,,30,29,37,8,13,0.9666666666666667,False,False,False
1104,環泥,,13,11,25,21,26,0.8461538461538461,False,False,False
1108,幸福,,25,2,6,26,15,0.08,True,False,False
1109,信大,,22,2,8,18,13,0.09090909090909091,True,False,False
1110,東泥,,3,3,5,5,17,1.0,False,False,False
1201,味全,,17,16,32,27,20,0.9411764705882353,False,False,False
1203,味王,,4,4,4,2,6,1.0,False,False,False
1210,大成,大成鋼,123,16,51,53,28,0.13008130081300814,True,False,False
1213,大飲,,37,35,49,14,14,0.9459459459459459,False,False,False
1215,卜蜂,,38,32,57,45,24,0.8421052631578947,False,False,False
1216,統一,統一實/統一證/統一超,235,69,209,106,35,0.2936170212765957,True,False,False
1217,愛之味,,1,1,21,29,26,1.0,False,False,False
1218,泰山,,121,104,141,80,18,0.859504132231405,False,False,False
1219,福壽,,10,10,24,5,11,1.0,False,False,False
1220,台榮,,2,2,8,5,13,1.0,False,False,False
1301,台塑,台塑化,361,240,473,127,7,0.6648199445983379,True,False,False
1303,南亞,南亞科,365,70,364,73,8,0.1917808219178082,True,False,False
1304,台聚,,38,31,116,18,6,0.8157894736842105,False,False,False
1305,華夏,,34,31,119,12,7,0.9117647058823529,False,False,False
1307,三芳,,4,4,10,4,4,1.0,False,False,False
1308,亞聚,,15,11,94,8,4,0.7333333333333333,True,False,False
1309,台達化,,4,4,162,10,5,1.0,False,False,False
1310,台苯,,20,18,35,12,5,0.9,False,False,False
1312,國喬,,13,12,59,35,18,0.9230769230769231,False,False,False
1313,聯成,,16,14,48,15,9,0.875,False,False,False
1319,東陽,,103,99,197,18,10,0.9611650485436893,False,False,False
1338,廣華,,26,26,49,0,1,1.0,False,False,False
1339,昭輝,,1,1,12,0,0,1.0,False,False,False
1512,瑞利,,2,2,9,0,0,1.0,False,False,False
1521,大億,大億科/大億金茂,5,3,15,5,2,0.6,True,False,False
1522,堤維西,,6,6,62,10,6,1.0,False,False,False
1524,耿鼎,,5,5,68,12,8,1.0,False,False,False
1525,江申,,9,8,29,6,3,0.8888888888888888,False,False,False
1533,車王電,,10,7,68,5,2,0.7,True,False,False
1536,和大,,98,86,156,21,6,0.8775510204081632,False,False,False
1402,遠東新,,52,48,306,57,24,0.9230769230769231,False,False,False
1409,新纖,,62,58,93,24,12,0.9354838709677419,False,False,False
1410,南染,,3,3,5,3,2,1.0,False,False,False
1413,宏洲,,0,0,9,0,0,,False,False,False
1414,東和,東和鋼鐵,5,1,4,3,1,0.2,True,False,False
1417,嘉裕,,20,19,26,4,2,0.95,False,False,False
1418,東華,,10,3,10,1,0,0.3,True,False,False
1419,新紡,,3,1,4,0,0,0.3333333333333333,False,False,False
1423,利華,,10,0,5,2,0,0.0,True,False,False
1434,福懋,福懋油/福懋科,8,8,29,16,11,1.0,False,False,False
1432,大魯閣,,23,22,55,36,13,0.9565217391304348,False,False,False
1598,岱宇,,23,23,40,14,7,1.0,False,False,False
1736,喬山,,47,44,70,16,7,0.9361702127659575,False,False,False
2762,世界健身,,2,1,1,1,0,0.5,False,False,False
4536,拓凱,,14,11,21,4,3,0.7857142857142857,True,False,False
5306,桂盟,,58,57,93,4,4,0.9827586206896551,False,False,False
6670,復盛應用,,39,39,94,11,10,1.0,False,False,False
6768,志強,,24,19,34,4,3,0.7916666666666666,True,False,False
6890,來億,,1,0,0,0,0,0.0,False,False,False
6965,中傑,,0,0,0,0,0,,False,False,False
1471,首利,,2,2,9,4,3,1.0,False,False,False
1582,信錦,,27,25,35,5,3,0.9259259259259259,False,False,False
2059,川湖,,2,1,28,10,7,0.5,False,True,False
2308,台達電,,287,273,1544,72,25,0.9512195121951219,False,False,False
2313,華通,,127,118,508,50,25,0.9291338582677166,False,False,False
2316,楠梓電,,5,5,130,34,22,1.0,False,False,False
2327,國巨,,325,299,719,282,38,0.92,False,False,False
2328,廣宇,,28,26,103,10,3,0.9285714285714286,False,False,False
2355,敬鵬,,74,71,178,14,11,0.9594594594594594,False,False,False
2367,燿華,,78,76,184,20,13,0.9743589743589743,False,False,False
1503,士電,,20,13,95,7,4,0.65,True,False,False
1504,東元,,218,206,334,54,8,0.944954128440367,False,False,False
1506,正道,,7,4,11,3,1,0.5714285714285714,True,False,False
1513,中興電,,47,43,275,58,20,0.9148936170212766,False,False,False
1514,亞力,,25,19,102,20,14,0.76,True,False,False
1515,力山,,46,18,24,29,19,0.391304347826087,True,False,False
1517,利奇,,3,0,5,9,8,0.0,False,False,False
1519,華城,,46,22,166,33,16,0.4782608695652174,True,False,False
1526,日馳,,0,0,6,9,8,,False,False,False
1527,鑽全,,0,0,0,4,3,,False,False,False
1603,華電,中華電/易華電/華電網,13,4,17,16,8,0.3076923076923077,True,False,False
1604,聲寶,,40,38,64,9,4,0.95,False,False,False
1605,華新,富華新/華新科,176,145,343,86,37,0.8238636363636364,False,False,False
1608,華榮,,2,0,15,7,4,0.0,False,False,False
1609,大亞,,57,49,120,18,11,0.8596491228070176,False,False,False
1611,中電,,20,3,14,6,4,0.15,True,False,False
1612,宏泰,,18,2,11,13,8,0.1111111111111111,True,False,False
1614,三洋電,,14,14,34,2,0,1.0,False,False,False
1615,大山,,1,0,5,3,2,0.0,False,False,False
1616,億泰,,2,0,3,3,3,0.0,False,False,False
1707,葡萄王,,31,30,71,9,5,0.967741935483871,False,False,False
1720,生達,,31,31,69,31,22,1.0,False,False,False
1731,美吾華,,10,9,46,21,16,0.9,False,False,False
1733,五鼎,,0,0,5,3,3,,False,False,False
1734,杏輝,,28,27,76,21,3,0.9642857142857143,False,False,False
1752,南光,,20,17,63,7,5,0.85,False,False,False
1760,寶齡富錦,,25,23,346,29,14,0.92,False,False,False
1762,中化生,,17,17,168,6,5,1.0,False,False,False
1783,和康生,,18,18,87,3,1,1.0,False,False,False
1786,科妍,,1,1,15,1,1,1.0,False,False,False
1708,東鹼,,17,15,66,32,19,0.8823529411764706,False,False,False
1709,和益,,4,4,10,9,8,1.0,False,False,False
1710,東聯,東聯互動,20,19,46,12,7,0.95,False,False,False
1711,永光,,42,38,99,18,11,0.9047619047619048,False,False,False
1712,興農,,6,6,26,26,11,1.0,False,False,False
1713,國化,,14,1,3,6,1,0.07142857142857142,True,False,False
1714,和桐,,0,0,6,7,6,,False,False,False
1717,長興,,43,38,66,18,10,0.8837209302325582,False,False,False
1718,中纖,,0,0,8,5,4,,False,False,False
1721,三晃,,1,1,12,17,12,1.0,False,True,False
1802,台玻,,5,5,53,30,22,1.0,False,False,False
1806,冠軍,,204,0,4,54,3,0.0,True,False,False
1809,中釉,,3,3,11,1,2,1.0,False,False,False
1810,和成,,25,1,28,12,3,0.04,True,False,False
1817,凱撒衛,,2,2,8,5,4,1.0,False,False,False
1903,士紙,,4,4,30,5,4,1.0,False,False,False
1904,正隆,,32,27,94,49,28,0.84375,False,False,False
1905,華紙,,44,42,117,28,11,0.9545454545454546,False,False,False
1906,寶隆,,1,1,24,4,1,1.0,False,False,False
1907,永豐餘,,59,55,304,45,13,0.9322033898305084,False,False,False
1909,榮成,,12,9,65,34,20,0.75,True,False,False
6790,永豐實,,21,13,23,16,11,0.6190476190476191,True,False,False
2002,中鋼,中鋼構,439,385,934,599,86,0.876993166287016,False,False,True
2006,東和鋼鐵,,5,5,155,23,21,1.0,False,False,True
2007,燁興,,1,0,41,8,9,0.0,False,False,True
2008,高興昌,,3,3,83,2,50,1.0,False,False,True
2009,第一銅,,5,5,92,29,27,1.0,False,False,True
2010,春源,,4,4,24,3,13,1.0,False,False,True
2012,春雨,,20,19,41,2,3,0.95,False,False,True
2013,中鋼構,,9,9,137,12,8,1.0,False,False,True
2014,中鴻,,89,85,294,77,44,0.9550561797752809,False,False,True
2015,豐興,,231,228,283,19,13,0.987012987012987,False,False,True
2062,橋椿,,29,29,36,10,9,1.0,False,False,False
3557,嘉威,,32,32,33,7,4,1.0,False,False,False
6671,三能,,21,18,23,3,2,0.8571428571428571,False,False,False
6754,匯僑設計,,3,1,3,5,3,0.3333333333333333,False,False,False
6807,峰源,,4,4,5,2,2,1.0,False,False,False
8464,億豐,,20,20,27,1,1,1.0,False,False,False
8482,商億,,4,4,7,2,1,1.0,False,False,False
9911,櫻花,櫻花建,15,12,15,6,2,0.8,False,False,False
9924,福興,,7,5,9,4,4,0.7142857142857143,True,False,False
9934,成霖,,10,10,18,14,8,1.0,False,False,False
2072,世紀風電,,2,2,4,2,1,1.0,False,False,False
3708,上緯投控,,48,45,242,8,7,0.9375,False,False,False
5292,華懋,,6,6,7,1,1,1.0,False,False,False
6581,鋼聯,,36,36,44,1,1,1.0,False,False,False
6641,基士德,,34,33,36,0,0,0.9705882352941176,False,False,False
6869,雲豹能源,,18,11,22,27,6,0.6111111111111112,True,False,False
6873,泓德能源,,22,16,29,1,0,0.7272727272727273,True,False,False
6887,寶綠特,,0,0,0,0,0,,False,False,False
6923,中台,,25,2,4,5,0,0.08,True,False,False
6944,兆聯實業,,0,0,0,0,1,,False,False,False
2101,南港,,107,50,84,23,4,0.4672897196261682,True,False,False
2102,泰豐,,41,25,47,11,3,0.6097560975609756,True,False,False
2103,台橡,,18,17,35,13,7,0.9444444444444444,False,False,False
2104,國際中橡,,31,30,54,13,11,0.967741935483871,False,False,False
2105,正新,,33,28,66,26,15,0.8484848484848485,False,False,False
2106,建大,,55,38,63,10,3,0.6909090909090909,True,False,False
2107,厚生,,7,2,6,5,4,0.2857142857142857,True,False,False
2108,南帝,,0,0,31,18,9,,False,True,False
2109,華豐,,3,3,10,0,0,1.0,False,False,False
2114,鑫永銓,,1,1,2,3,2,1.0,False,False,False
2208,台船,,68,64,113,56,8,0.9411764705882353,False,False,False
2601,益航,,4,4,27,16,5,1.0,False,True,False
2603,長榮,長榮航/長榮航太/長榮鋼,371,218,1279,1596,305,0.5876010781671159,True,False,False
2605,新興,,476,5,127,67,18,0.01050420168067227,True,False,False
2606,裕民,,47,40,245,42,20,0.851063829787234,False,False,False
2607,榮運,,13,12,33,18,8,0.9230769230769231,False,False,False
2608,嘉里大榮,,10,10,28,7,6,1.0,False,False,False
2609,陽明,,223,172,1085,1031,136,0.7713004484304933,True,False,False
2610,華航,,240,213,737,432,98,0.8875,False,False,False
2611,志信,,2,2,39,13,7,1.0,False,True,False
2302,麗正,,0,0,7,1,1,,False,False,False
2303,聯電,台聯電,536,375,1861,573,106,0.6996268656716418,True,False,False
2329,華泰,,15,8,40,18,11,0.5333333333333333,True,False,False
2330,台積電,,3438,2784,12075,3343,354,0.8097731239092496,False,False,False
2337,旺宏,,195,180,608,130,47,0.9230769230769231,False,False,False
2338,光罩,,68,56,142,54,32,0.8235294117647058,False,False,False
2340,台亞,,37,30,149,8,18,0.8108108108108109,False,False,False
2342,茂矽,,22,19,65,8,3,0.8636363636363636,False,False,False
2344,華邦電,,196,182,1394,88,25,0.9285714285714286,False,False,False
2351,順德,,6,2,247,10,5,0.3333333333333333,True,False,False
2312,金寶,,81,55,119,40,5,0.6790123456790124,True,False,False
2317,鴻海,,2022,1708,4651,938,109,0.8447082096933729,False,False,False
2354,鴻準,,28,28,127,22,13,1.0,False,False,False
2359,所羅門,,5,5,24,14,10,1.0,False,False,False
2360,致茂,,20,20,46,11,11,1.0,False,False,False
2373,震旦行,,0,0,8,1,0,,False,False,False
2390,云辰,,2,2,12,6,4,1.0,False,False,False
2404,漢唐,,28,24,110,33,14,0.8571428571428571,False,False,False
2423,固緯,,0,0,3,1,1,,False,False,False
2433,互盛電,,0,0,5,2,0,,False,False,False
2323,中環,,21,20,45,249,102,0.9523809523809523,False,False,False
2349,錸德,,4,4,17,16,4,1.0,False,True,False
2374,佳能,,25,16,27,7,3,0.64,True,False,False
2393,億光,,59,55,135,31,17,0.9322033898305084,False,False,False
2406,國碩,,32,30,73,8,6,0.9375,False,False,False
2409,友達,,447,402,1541,431,99,0.8993288590604027,False,False,False
2426,鼎元,,20,20,36,1,0,1.0,False,False,False
2429,銘旺科,,1,1,35,1,0,1.0,False,False,False
2438,翔耀,,0,0,2,0,0,,False,False,False
2466,冠西電,,0,0,1,2,2,,False,False,False
2347,聯強,,61,57,92,36,21,0.9344262295081968,False,False,False
2414,精技,,1,0,3,3,2,0.0,False,False,False
2430,燦坤,,38,35,44,12,6,0.9210526315789473,False,False,False
3010,華立,,15,14,22,12,5,0.9333333333333333,False,False,False
3028,增你強,,1,1,5,12,8,1.0,False,False,False
3033,威健,威健生技,2,1,3,21,19,0.5,False,True,False
3036,文曄,,115,110,155,62,18,0.9565217391304348,False,False,False
3048,益登,,17,6,6,19,15,0.35294117647058826,True,False,False
3054,立萬利,,1,1,7,1,0,1.0,False,False,False
3055,蔚華科,,31,29,41,1,0,0.9354838709677419,False,False,False
2427,三商電,,0,0,23,12,10,,False,False,False
2453,凌群,,8,6,38,9,6,0.75,True,False,False
2468,華經,,12,0,17,3,3,0.0,True,False,False
2471,資通,,62,2,24,12,3,0.03225806451612903,True,False,False
2480,敦陽科,,0,0,18,24,16,,False,False,False
3029,零壹,,2,1,18,41,31,0.5,False,True,False
4994,傳奇,,86,23,45,29,4,0.26744186046511625,True,False,False
5203,訊連,,36,28,52,3,3,0.7777777777777778,True,False,False
6112,邁達特,,6,6,45,11,9,1.0,False,False,False
6183,關貿,,4,2,4,3,3,0.5,False,False,False
2616,山隆,,1,1,4,9,7,1.0,False,False,False
6505,台塑化,,105,103,747,36,7,0.9809523809523809,False,False,False
8926,台汽電,,6,6,29,17,13,1.0,False,False,False
9908,大台北,,19,0,1,3,3,0.0,True,False,False
9918,欣天然,,0,0,9,1,1,,False,False,False
9926,新海,,4,0,1,1,0,0.0,False,False,False
9931,欣高,,0,0,3,0,0,,False,False,False
9937,全國,全國電,121,0,5,37,1,0.0,True,False,False
2701,萬企,,2,0,5,1,0,0.0,False,False,False
2702,華園,,4,3,38,3,2,0.75,False,False,False
2704,國賓,,20,14,57,12,8,0.7,True,False,False
2705,六福,,38,34,111,15,6,0.8947368421052632,False,False,False
2706,第一店,,1,0,10,2,2,0.0,False,False,False
2707,晶華,,105,100,214,22,8,0.9523809523809523,False,False,False
2712,遠雄來,,4,4,62,0,0,1.0,False,False,False
2722,夏都,,0,0,65,4,4,,False,False,False
2723,美食,漢來美食/皇家美食,103,63,133,21,11,0.6116504854368932,True,False,False
2727,王品,,133,121,237,61,24,0.9097744360902256,False,False,False
2801,彰銀,,140,123,230,108,23,0.8785714285714286,False,False,False
2812,台中銀,,14,12,99,73,33,0.8571428571428571,False,False,False
2816,旺旺保,,0,0,7,5,4,,False,False,False
2820,華票,,1,0,9,8,4,0.0,False,False,False
2832,台產,,41,11,19,27,7,0.2682926829268293,True,False,False
2834,台企銀,,74,67,307,125,48,0.9054054054054054,False,False,False
2836,高雄銀,,1,1,50,22,19,1.0,False,False,False
2838,聯邦銀,,16,11,169,41,26,0.6875,True,False,False
2845,遠東銀,,32,30,111,38,27,0.9375,False,False,False
2849,安泰銀,,56,54,132,16,6,0.9642857142857143,False,False,False
2901,欣欣,,8,2,2,0,0,0.25,True,False,False
2903,遠百,,69,63,142,29,18,0.9130434782608695,False,False,False
2905,三商,三商壽/三商家購/三商電/三商餐飲,10,0,3,30,15,0.0,True,False,False
2906,高林,高林股,0,0,3,6,5,,False,False,False
2908,特力,雅特力,31,26,39,16,6,0.8387096774193549,False,False,False
2910,統領,,1,1,4,1,0,1.0,False,False,False
2911,麗嬰房,,3,3,13,1,1,1.0,False,False,False
2912,統一超,,120,120,498,35,15,1.0,False,False,False
2913,農林,,6,5,24,13,5,0.8333333333333334,False,False,False
2915,潤泰全,,20,20,82,48,22,1.0,False,False,False
3130,一零四,,0,0,4,3,2,,False,False,False
6165,浪凡,,1,0,4,2,2,0.0,False,False,False
6614,資拓宏宇,,1,0,0,0,0,0.0,False,False,False
6689,伊雲谷,,9,6,29,6,2,0.6666666666666666,True,False,False
6902,GOGOLOOK,,0,0,13,0,1,,False,False,False
6906,現觀科,,3,3,4,1,2,1.0,False,False,False
7721,微程式,,2,2,2,0,0,1.0,False,False,False
7722,LINEPAY,,0,0,0,0,5,,False,False,False
7765,中華資安,,2,0,0,0,0,0.0,False,False,False
8454,富邦媒,,172,167,500,47,14,0.9709302325581395,False,False,False
